Profile,Field,MS,IHE-MADO,Consumer,Producer,Documentation
EuMadoBundle,id,,MadoFhirBundle.id,,,
EuMadoBundle,meta,,MadoFhirBundle.meta,,,
EuMadoBundle,implicitRules,,MadoFhirBundle.implicitRules,,,
EuMadoBundle,language,,MadoFhirBundle.language,,,
EuMadoBundle,identifier,MS,MadoFhirBundle.identifier,,,Required by MADO
EuMadoBundle,type,,MadoFhirBundle.type,,,
EuMadoBundle,timestamp,MS,MadoFhirBundle.timestamp,,,Required by MADO
EuMadoBundle,total,,MadoFhirBundle.total,,,
EuMadoBundle,link,,MadoFhirBundle.link,,,
EuMadoBundle,link.id,,MadoFhirBundle.link.id,,,
EuMadoBundle,link.extension,,MadoFhirBundle.link.extension,,,
EuMadoBundle,link.modifierExtension,,MadoFhirBundle.link.modifierExtension,,,
EuMadoBundle,link.relation,,MadoFhirBundle.link.relation,,,
EuMadoBundle,link.url,,MadoFhirBundle.link.url,,,
EuMadoBundle,entry,,MadoFhirBundle.entry,,,
EuMadoBundle,entry.id,,MadoFhirBundle.entry.id,,,
EuMadoBundle,entry.extension,,MadoFhirBundle.entry.extension,,,
EuMadoBundle,entry.modifierExtension,,MadoFhirBundle.entry.modifierExtension,,,
EuMadoBundle,entry.link,,MadoFhirBundle.entry.link,,,
EuMadoBundle,entry.fullUrl,,MadoFhirBundle.entry.fullUrl,,,
EuMadoBundle,entry.resource,,MadoFhirBundle.entry.resource,,,
EuMadoBundle,entry.search,,MadoFhirBundle.entry.search,,,
EuMadoBundle,entry.search.id,,MadoFhirBundle.entry.search.id,,,
EuMadoBundle,entry.search.extension,,MadoFhirBundle.entry.search.extension,,,
EuMadoBundle,entry.search.modifierExtension,,MadoFhirBundle.entry.search.modifierExtension,,,
EuMadoBundle,entry.search.mode,,MadoFhirBundle.entry.search.mode,,,
EuMadoBundle,entry.search.score,,MadoFhirBundle.entry.search.score,,,
EuMadoBundle,entry.request,,MadoFhirBundle.entry.request,,,
EuMadoBundle,entry.request.id,,MadoFhirBundle.entry.request.id,,,
EuMadoBundle,entry.request.extension,,MadoFhirBundle.entry.request.extension,,,
EuMadoBundle,entry.request.modifierExtension,,MadoFhirBundle.entry.request.modifierExtension,,,
EuMadoBundle,entry.request.method,,MadoFhirBundle.entry.request.method,,,
EuMadoBundle,entry.request.url,,MadoFhirBundle.entry.request.url,,,
EuMadoBundle,entry.request.ifNoneMatch,,MadoFhirBundle.entry.request.ifNoneMatch,,,
EuMadoBundle,entry.request.ifModifiedSince,,MadoFhirBundle.entry.request.ifModifiedSince,,,
EuMadoBundle,entry.request.ifMatch,,MadoFhirBundle.entry.request.ifMatch,,,
EuMadoBundle,entry.request.ifNoneExist,,MadoFhirBundle.entry.request.ifNoneExist,,,
EuMadoBundle,entry.response,,MadoFhirBundle.entry.response,,,
EuMadoBundle,entry.response.id,,MadoFhirBundle.entry.response.id,,,
EuMadoBundle,entry.response.extension,,MadoFhirBundle.entry.response.extension,,,
EuMadoBundle,entry.response.modifierExtension,,MadoFhirBundle.entry.response.modifierExtension,,,
EuMadoBundle,entry.response.status,,MadoFhirBundle.entry.response.status,,,
EuMadoBundle,entry.response.location,,MadoFhirBundle.entry.response.location,,,
EuMadoBundle,entry.response.etag,,MadoFhirBundle.entry.response.etag,,,
EuMadoBundle,entry.response.lastModified,,MadoFhirBundle.entry.response.lastModified,,,
EuMadoBundle,entry.response.outcome,,MadoFhirBundle.entry.response.outcome,,,
EuMadoBundle,entry[composition],MS,MadoFhirBundle.entry[composition],,,Required by MADO
EuMadoBundle,entry[imaging-study],MS,MadoFhirBundle.entry[imaging-study],,,Required by MADO
EuMadoBundle,entry[patient],MS,MadoFhirBundle.entry[patient],,,Required by MADO
EuMadoBundle,entry[wado-endpoint],MS,MadoFhirBundle.entry[wado-endpoint],,,Required by MADO
EuMadoBundle,entry[web-endpoint],MS,MadoFhirBundle.entry[web-endpoint],,,Required by MADO
EuMadoBundle,entry[creator-device],MS,MadoFhirBundle.entry[creator-device],,,Required by MADO
EuMadoBundle,entry[creator-organization],MS,MadoFhirBundle.entry[creator-organization],,,Required by MADO
EuMadoBundle,entry[requested-procedure],MS,MadoFhirBundle.entry[requested-procedure],,,Required by MADO.
EuMadoBundle,signature,,MadoFhirBundle.signature,,,
EuMadoComposition,id,,MadoComposition.id,,,
EuMadoComposition,meta,,MadoComposition.meta,,,
EuMadoComposition,implicitRules,,MadoComposition.implicitRules,,,
EuMadoComposition,language,MS,MadoComposition.language,,,EHDSImagingStudy.language
EuMadoComposition,text,MS,MadoComposition.text,,,From IHE-MADO
EuMadoComposition,text.id,,MadoComposition.text.id,,,
EuMadoComposition,text.extension,,MadoComposition.text.extension,,,
EuMadoComposition,text.status,,MadoComposition.text.status,,,
EuMadoComposition,text.div,,MadoComposition.text.div,,,
EuMadoComposition,contained,,MadoComposition.contained,,,
EuMadoComposition,extension,,MadoComposition.extension,,,
EuMadoComposition,modifierExtension,,MadoComposition.modifierExtension,,,
EuMadoComposition,identifier,MS,MadoComposition.identifier,,,From IHE-MADO
EuMadoComposition,status,MS,MadoComposition.status,,,EHDSImagingStudy.status
EuMadoComposition,type,MS,MadoComposition.type,,,From IHE-MADO
EuMadoComposition,category,MS,MadoComposition.category,,,From IHE-MADO
EuMadoComposition,subject,MS,MadoComposition.subject,,,EHDSImagingStudy.subject
EuMadoComposition,encounter,,MadoComposition.encounter,,,
EuMadoComposition,date,MS,MadoComposition.date,,,EHDSImagingStudy.date
EuMadoComposition,author,,MadoComposition.author,,,
EuMadoComposition,author[source-organization],MS,MadoComposition.author[source-organization],,,EHDSImagingStudy.author[EHDSOrganization]
EuMadoComposition,author[source-device],MS,MadoComposition.author[source-device],,,EHDSImagingStudy.author[EHDSDevice]
EuMadoComposition,title,MS,MadoComposition.title,,,From IHE-MADO
EuMadoComposition,confidentiality,,MadoComposition.confidentiality,,,
EuMadoComposition,attester,,MadoComposition.attester,,,
EuMadoComposition,attester.id,,MadoComposition.attester.id,,,
EuMadoComposition,attester.extension,,MadoComposition.attester.extension,,,
EuMadoComposition,attester.modifierExtension,,MadoComposition.attester.modifierExtension,,,
EuMadoComposition,attester.mode,,MadoComposition.attester.mode,,,
EuMadoComposition,attester.time,,MadoComposition.attester.time,,,
EuMadoComposition,attester.party,,MadoComposition.attester.party,,,
EuMadoComposition,custodian,MS,MadoComposition.custodian,,,EHDSImagingStudy.custodian
EuMadoComposition,relatesTo,,MadoComposition.relatesTo,,,
EuMadoComposition,relatesTo.id,,MadoComposition.relatesTo.id,,,
EuMadoComposition,relatesTo.extension,,MadoComposition.relatesTo.extension,,,
EuMadoComposition,relatesTo.modifierExtension,,MadoComposition.relatesTo.modifierExtension,,,
EuMadoComposition,relatesTo.code,,MadoComposition.relatesTo.code,,,
EuMadoComposition,relatesTo.target[x],,MadoComposition.relatesTo.target[x],,,
EuMadoComposition,event,,MadoComposition.event,,,
EuMadoComposition,event.id,,MadoComposition.event.id,,,
EuMadoComposition,event.extension,,MadoComposition.event.extension,,,
EuMadoComposition,event.modifierExtension,,MadoComposition.event.modifierExtension,,,
EuMadoComposition,event.code,,MadoComposition.event.code,,,
EuMadoComposition,event.period,,MadoComposition.event.period,,,
EuMadoComposition,event.detail,,MadoComposition.event.detail,,,
EuMadoComposition,event[imaging-study],MS,MadoComposition.event[imaging-study],,,From IHE-MADO
EuMadoComposition,section,MS,MadoComposition.section,,,From IHE-MADO
EuMadoComposition,section.id,,MadoComposition.section.id,,,
EuMadoComposition,section.extension,,MadoComposition.section.extension,,,
EuMadoComposition,section.modifierExtension,,MadoComposition.section.modifierExtension,,,
EuMadoComposition,section.title,,MadoComposition.section.title,,,
EuMadoComposition,section.code,,MadoComposition.section.code,,,
EuMadoComposition,section.author,,MadoComposition.section.author,,,
EuMadoComposition,section.focus,,MadoComposition.section.focus,,,
EuMadoComposition,section.text,MS,MadoComposition.section.text,,,From IHE-MADO
EuMadoComposition,section.text.id,,MadoComposition.section.text.id,,,
EuMadoComposition,section.text.extension,,MadoComposition.section.text.extension,,,
EuMadoComposition,section.text.status,,MadoComposition.section.text.status,,,
EuMadoComposition,section.text.div,,MadoComposition.section.text.div,,,
EuMadoComposition,section.mode,,MadoComposition.section.mode,,,
EuMadoComposition,section.orderedBy,,MadoComposition.section.orderedBy,,,
EuMadoComposition,section.entry,,MadoComposition.section.entry,,,
EuMadoComposition,section.emptyReason,,MadoComposition.section.emptyReason,,,
EuMadoComposition,section.section,,MadoComposition.section.section,,,
EuMadoCreator,id,,MadoCreator.id,,,
EuMadoCreator,meta,,MadoCreator.meta,,,
EuMadoCreator,implicitRules,,MadoCreator.implicitRules,,,
EuMadoCreator,language,,MadoCreator.language,,,
EuMadoCreator,text,,MadoCreator.text,,,
EuMadoCreator,contained,,MadoCreator.contained,,,
EuMadoCreator,extension,,MadoCreator.extension,,,
EuMadoCreator,modifierExtension,,MadoCreator.modifierExtension,,,
EuMadoCreator,identifier,,MadoCreator.identifier,,,
EuMadoCreator,definition,,MadoCreator.definition,,,
EuMadoCreator,udiCarrier,,MadoCreator.udiCarrier,,,
EuMadoCreator,udiCarrier.id,,MadoCreator.udiCarrier.id,,,
EuMadoCreator,udiCarrier.extension,,MadoCreator.udiCarrier.extension,,,
EuMadoCreator,udiCarrier.modifierExtension,,MadoCreator.udiCarrier.modifierExtension,,,
EuMadoCreator,udiCarrier.deviceIdentifier,,MadoCreator.udiCarrier.deviceIdentifier,,,
EuMadoCreator,udiCarrier.issuer,,MadoCreator.udiCarrier.issuer,,,
EuMadoCreator,udiCarrier.jurisdiction,,MadoCreator.udiCarrier.jurisdiction,,,
EuMadoCreator,udiCarrier.carrierAIDC,,MadoCreator.udiCarrier.carrierAIDC,,,
EuMadoCreator,udiCarrier.carrierHRF,,MadoCreator.udiCarrier.carrierHRF,,,
EuMadoCreator,udiCarrier.entryType,,MadoCreator.udiCarrier.entryType,,,
EuMadoCreator,status,,MadoCreator.status,,,
EuMadoCreator,statusReason,,MadoCreator.statusReason,,,
EuMadoCreator,distinctIdentifier,,MadoCreator.distinctIdentifier,,,
EuMadoCreator,manufacturer,MS,MadoCreator.manufacturer,,,Required by MADO
EuMadoCreator,manufactureDate,,MadoCreator.manufactureDate,,,
EuMadoCreator,expirationDate,,MadoCreator.expirationDate,,,
EuMadoCreator,lotNumber,,MadoCreator.lotNumber,,,
EuMadoCreator,serialNumber,,MadoCreator.serialNumber,,,
EuMadoCreator,deviceName,,MadoCreator.deviceName,,,
EuMadoCreator,deviceName.id,,MadoCreator.deviceName.id,,,
EuMadoCreator,deviceName.extension,,MadoCreator.deviceName.extension,,,
EuMadoCreator,deviceName.modifierExtension,,MadoCreator.deviceName.modifierExtension,,,
EuMadoCreator,deviceName.name,,MadoCreator.deviceName.name,,,
EuMadoCreator,deviceName.type,,MadoCreator.deviceName.type,,,
EuMadoCreator,modelNumber,,MadoCreator.modelNumber,,,
EuMadoCreator,partNumber,,MadoCreator.partNumber,,,
EuMadoCreator,type,MS,MadoCreator.type,,,Required by MADO
EuMadoCreator,type.id,,MadoCreator.type.id,,,
EuMadoCreator,type.extension,,MadoCreator.type.extension,,,
EuMadoCreator,type.coding,,MadoCreator.type.coding,,,
EuMadoCreator,type.coding.id,,MadoCreator.type.coding.id,,,
EuMadoCreator,type.coding.extension,,MadoCreator.type.coding.extension,,,
EuMadoCreator,type.coding.system,,MadoCreator.type.coding.system,,,
EuMadoCreator,type.coding.version,,MadoCreator.type.coding.version,,,
EuMadoCreator,type.coding.code,,MadoCreator.type.coding.code,,,
EuMadoCreator,type.coding.display,,MadoCreator.type.coding.display,,,
EuMadoCreator,type.coding.userSelected,,MadoCreator.type.coding.userSelected,,,
EuMadoCreator,type.text,,MadoCreator.type.text,,,
EuMadoCreator,specialization,,MadoCreator.specialization,,,
EuMadoCreator,specialization.id,,MadoCreator.specialization.id,,,
EuMadoCreator,specialization.extension,,MadoCreator.specialization.extension,,,
EuMadoCreator,specialization.modifierExtension,,MadoCreator.specialization.modifierExtension,,,
EuMadoCreator,specialization.systemType,,MadoCreator.specialization.systemType,,,
EuMadoCreator,specialization.version,,MadoCreator.specialization.version,,,
EuMadoCreator,version,,MadoCreator.version,,,
EuMadoCreator,version.id,,MadoCreator.version.id,,,
EuMadoCreator,version.extension,,MadoCreator.version.extension,,,
EuMadoCreator,version.modifierExtension,,MadoCreator.version.modifierExtension,,,
EuMadoCreator,version.type,,MadoCreator.version.type,,,
EuMadoCreator,version.component,,MadoCreator.version.component,,,
EuMadoCreator,version.value,,MadoCreator.version.value,,,
EuMadoCreator,property,,MadoCreator.property,,,
EuMadoCreator,property.id,,MadoCreator.property.id,,,
EuMadoCreator,property.extension,,MadoCreator.property.extension,,,
EuMadoCreator,property.modifierExtension,,MadoCreator.property.modifierExtension,,,
EuMadoCreator,property.type,,MadoCreator.property.type,,,
EuMadoCreator,property.valueQuantity,,MadoCreator.property.valueQuantity,,,
EuMadoCreator,property.valueCode,,MadoCreator.property.valueCode,,,
EuMadoCreator,patient,,MadoCreator.patient,,,
EuMadoCreator,owner,MS,MadoCreator.owner,,,Required by MADO
EuMadoCreator,contact,,MadoCreator.contact,,,
EuMadoCreator,location,,MadoCreator.location,,,
EuMadoCreator,url,,MadoCreator.url,,,
EuMadoCreator,note,,MadoCreator.note,,,
EuMadoCreator,safety,,MadoCreator.safety,,,
EuMadoCreator,parent,,MadoCreator.parent,,,
EuMadoCreatorOrganization,id,,MadoCreatorOrganization.id,,,
EuMadoCreatorOrganization,meta,,MadoCreatorOrganization.meta,,,
EuMadoCreatorOrganization,implicitRules,,MadoCreatorOrganization.implicitRules,,,
EuMadoCreatorOrganization,language,,MadoCreatorOrganization.language,,,
EuMadoCreatorOrganization,text,,MadoCreatorOrganization.text,,,
EuMadoCreatorOrganization,contained,,MadoCreatorOrganization.contained,,,
EuMadoCreatorOrganization,extension,,MadoCreatorOrganization.extension,,,
EuMadoCreatorOrganization,modifierExtension,,MadoCreatorOrganization.modifierExtension,,,
EuMadoCreatorOrganization,identifier,MS,MadoCreatorOrganization.identifier,,,Required by MADO
EuMadoCreatorOrganization,active,,MadoCreatorOrganization.active,,,
EuMadoCreatorOrganization,type,,MadoCreatorOrganization.type,,,
EuMadoCreatorOrganization,name,MS,MadoCreatorOrganization.name,,,Required by MADO
EuMadoCreatorOrganization,alias,,MadoCreatorOrganization.alias,,,
EuMadoCreatorOrganization,telecom,,MadoCreatorOrganization.telecom,,,
EuMadoCreatorOrganization,address,,MadoCreatorOrganization.address,,,
EuMadoCreatorOrganization,partOf,,MadoCreatorOrganization.partOf,,,
EuMadoCreatorOrganization,contact,,MadoCreatorOrganization.contact,,,
EuMadoCreatorOrganization,contact.id,,MadoCreatorOrganization.contact.id,,,
EuMadoCreatorOrganization,contact.extension,,MadoCreatorOrganization.contact.extension,,,
EuMadoCreatorOrganization,contact.modifierExtension,,MadoCreatorOrganization.contact.modifierExtension,,,
EuMadoCreatorOrganization,contact.purpose,,MadoCreatorOrganization.contact.purpose,,,
EuMadoCreatorOrganization,contact.name,,MadoCreatorOrganization.contact.name,,,
EuMadoCreatorOrganization,contact.telecom,,MadoCreatorOrganization.contact.telecom,,,
EuMadoCreatorOrganization,contact.address,,MadoCreatorOrganization.contact.address,,,
EuMadoCreatorOrganization,endpoint,,MadoCreatorOrganization.endpoint,,,
EuMadoDicomKosDocumentReference,id,,MadoDicomKosDocumentReference.id,,,
EuMadoDicomKosDocumentReference,meta,,MadoDicomKosDocumentReference.meta,,,
EuMadoDicomKosDocumentReference,meta.id,,MadoDicomKosDocumentReference.meta.id,,,
EuMadoDicomKosDocumentReference,meta.extension,,MadoDicomKosDocumentReference.meta.extension,,,
EuMadoDicomKosDocumentReference,meta.versionId,,MadoDicomKosDocumentReference.meta.versionId,,,
EuMadoDicomKosDocumentReference,meta.lastUpdated,,MadoDicomKosDocumentReference.meta.lastUpdated,,,
EuMadoDicomKosDocumentReference,meta.source,,MadoDicomKosDocumentReference.meta.source,,,
EuMadoDicomKosDocumentReference,meta.profile,,MadoDicomKosDocumentReference.meta.profile,,,
EuMadoDicomKosDocumentReference,meta.security,,MadoDicomKosDocumentReference.meta.security,,,
EuMadoDicomKosDocumentReference,meta.tag,,MadoDicomKosDocumentReference.meta.tag,,,
EuMadoDicomKosDocumentReference,implicitRules,,MadoDicomKosDocumentReference.implicitRules,,,
EuMadoDicomKosDocumentReference,language,,MadoDicomKosDocumentReference.language,,,
EuMadoDicomKosDocumentReference,text,,MadoDicomKosDocumentReference.text,,,
EuMadoDicomKosDocumentReference,contained,,MadoDicomKosDocumentReference.contained,,,
EuMadoDicomKosDocumentReference,extension,,MadoDicomKosDocumentReference.extension,,,
EuMadoDicomKosDocumentReference,extension[bodysite],MS,MadoDicomKosDocumentReference.extension[bodysite],,,Required by MADO
EuMadoDicomKosDocumentReference,extension.id,,MadoDicomKosDocumentReference.extension.id,,,
EuMadoDicomKosDocumentReference,extension.extension,,MadoDicomKosDocumentReference.extension.extension,,,
EuMadoDicomKosDocumentReference,extension.url,,MadoDicomKosDocumentReference.extension.url,,,
EuMadoDicomKosDocumentReference,extension.value[x],,MadoDicomKosDocumentReference.extension.value[x],,,
EuMadoDicomKosDocumentReference,extension[modality],MS,MadoDicomKosDocumentReference.extension[modality],,,Required by MADO
EuMadoDicomKosDocumentReference,modifierExtension,,MadoDicomKosDocumentReference.modifierExtension,,,
EuMadoDicomKosDocumentReference,masterIdentifier,,MadoDicomKosDocumentReference.masterIdentifier,,,
EuMadoDicomKosDocumentReference,identifier,MS,MadoDicomKosDocumentReference.identifier,,,EU-MADO requirement
EuMadoDicomKosDocumentReference,identifier[entryUUID],MS,MadoDicomKosDocumentReference.identifier[entryUUID],,,EU-MADO requirement
EuMadoDicomKosDocumentReference,status,,MadoDicomKosDocumentReference.status,,,
EuMadoDicomKosDocumentReference,docStatus,,MadoDicomKosDocumentReference.docStatus,,,
EuMadoDicomKosDocumentReference,type,MS,MadoDicomKosDocumentReference.type,,,EU-MADO requirement
EuMadoDicomKosDocumentReference,category,MS,MadoDicomKosDocumentReference.category,,,EU-MADO requirement
EuMadoDicomKosDocumentReference,subject,MS,MadoDicomKosDocumentReference.subject,,,EU-MADO requirement
EuMadoDicomKosDocumentReference,date,MS,MadoDicomKosDocumentReference.date,,,EU-MADO requirement
EuMadoDicomKosDocumentReference,author,MS,MadoDicomKosDocumentReference.author,,,EU-MADO requirement
EuMadoDicomKosDocumentReference,author[source-organization],MS,MadoDicomKosDocumentReference.author[source-organization],,,EU-MADO requirement
EuMadoDicomKosDocumentReference,author[source-device],MS,MadoDicomKosDocumentReference.author[source-device],,,EU-MADO requirement
EuMadoDicomKosDocumentReference,authenticator,,MadoDicomKosDocumentReference.authenticator,,,
EuMadoDicomKosDocumentReference,custodian,,MadoDicomKosDocumentReference.custodian,,,
EuMadoDicomKosDocumentReference,relatesTo,MS,MadoDicomKosDocumentReference.relatesTo,,,EU-MADO requirement
EuMadoDicomKosDocumentReference,relatesTo.id,,MadoDicomKosDocumentReference.relatesTo.id,,,
EuMadoDicomKosDocumentReference,relatesTo.extension,,MadoDicomKosDocumentReference.relatesTo.extension,,,
EuMadoDicomKosDocumentReference,relatesTo.modifierExtension,,MadoDicomKosDocumentReference.relatesTo.modifierExtension,,,
EuMadoDicomKosDocumentReference,relatesTo.code,,MadoDicomKosDocumentReference.relatesTo.code,,,
EuMadoDicomKosDocumentReference,relatesTo.target,,MadoDicomKosDocumentReference.relatesTo.target,,,
EuMadoDicomKosDocumentReference,relatesTo[fhir-reference],MS,MadoDicomKosDocumentReference.relatesTo[fhir-reference],,,EU-MADO requirement
EuMadoDicomKosDocumentReference,description,,MadoDicomKosDocumentReference.description,,,
EuMadoDicomKosDocumentReference,securityLabel,MS,MadoDicomKosDocumentReference.securityLabel,,,EU-MADO requirement
EuMadoDicomKosDocumentReference,content,,MadoDicomKosDocumentReference.content,,,
EuMadoDicomKosDocumentReference,content.id,,MadoDicomKosDocumentReference.content.id,,,
EuMadoDicomKosDocumentReference,content.extension,,MadoDicomKosDocumentReference.content.extension,,,
EuMadoDicomKosDocumentReference,content.modifierExtension,,MadoDicomKosDocumentReference.content.modifierExtension,,,
EuMadoDicomKosDocumentReference,content.attachment,,MadoDicomKosDocumentReference.content.attachment,,,
EuMadoDicomKosDocumentReference,content.attachment.id,,MadoDicomKosDocumentReference.content.attachment.id,,,
EuMadoDicomKosDocumentReference,content.attachment.extension,,MadoDicomKosDocumentReference.content.attachment.extension,,,
EuMadoDicomKosDocumentReference,content.attachment.contentType,,MadoDicomKosDocumentReference.content.attachment.contentType,,,
EuMadoDicomKosDocumentReference,content.attachment.language,MS,MadoDicomKosDocumentReference.content.attachment.language,,,EU-MADO requirement
EuMadoDicomKosDocumentReference,content.attachment.data,,MadoDicomKosDocumentReference.content.attachment.data,,,
EuMadoDicomKosDocumentReference,content.attachment.url,,MadoDicomKosDocumentReference.content.attachment.url,,,
EuMadoDicomKosDocumentReference,content.attachment.size,,MadoDicomKosDocumentReference.content.attachment.size,,,
EuMadoDicomKosDocumentReference,content.attachment.hash,,MadoDicomKosDocumentReference.content.attachment.hash,,,
EuMadoDicomKosDocumentReference,content.attachment.title,,MadoDicomKosDocumentReference.content.attachment.title,,,
EuMadoDicomKosDocumentReference,content.attachment.creation,MS,MadoDicomKosDocumentReference.content.attachment.creation,,,EU-MADO requirement
EuMadoDicomKosDocumentReference,content.format,MS,MadoDicomKosDocumentReference.content.format,,,EU-MADO requirement
EuMadoDicomKosDocumentReference,context,,MadoDicomKosDocumentReference.context,,,EU-MADO requirement
EuMadoDicomKosDocumentReference,context.id,,MadoDicomKosDocumentReference.context.id,,,
EuMadoDicomKosDocumentReference,context.extension,,MadoDicomKosDocumentReference.context.extension,,,
EuMadoDicomKosDocumentReference,context.modifierExtension,,MadoDicomKosDocumentReference.context.modifierExtension,,,
EuMadoDicomKosDocumentReference,context.encounter,,MadoDicomKosDocumentReference.context.encounter,,,
EuMadoDicomKosDocumentReference,context.event,,MadoDicomKosDocumentReference.context.event,,,
EuMadoDicomKosDocumentReference,context.period,MS,MadoDicomKosDocumentReference.context.period,,,EU-MADO requirement
EuMadoDicomKosDocumentReference,context.period.id,,MadoDicomKosDocumentReference.context.period.id,,,
EuMadoDicomKosDocumentReference,context.period.extension,,MadoDicomKosDocumentReference.context.period.extension,,,
EuMadoDicomKosDocumentReference,context.period.start,,MadoDicomKosDocumentReference.context.period.start,,,
EuMadoDicomKosDocumentReference,context.period.end,,MadoDicomKosDocumentReference.context.period.end,,,
EuMadoDicomKosDocumentReference,context.facilityType,MS,MadoDicomKosDocumentReference.context.facilityType,,,EU-MADO requirement
EuMadoDicomKosDocumentReference,context.practiceSetting,MS,MadoDicomKosDocumentReference.context.practiceSetting,,,EU-MADO requirement
EuMadoDicomKosDocumentReference,context.sourcePatientInfo,MS,MadoDicomKosDocumentReference.context.sourcePatientInfo,,,EU-MADO requirement
EuMadoDicomKosDocumentReference,context.sourcePatientInfo.id,,MadoDicomKosDocumentReference.context.sourcePatientInfo.id,,,
EuMadoDicomKosDocumentReference,context.sourcePatientInfo.extension,,MadoDicomKosDocumentReference.context.sourcePatientInfo.extension,,,
EuMadoDicomKosDocumentReference,context.sourcePatientInfo.reference,,MadoDicomKosDocumentReference.context.sourcePatientInfo.reference,,,
EuMadoDicomKosDocumentReference,context.sourcePatientInfo.type,,MadoDicomKosDocumentReference.context.sourcePatientInfo.type,,,
EuMadoDicomKosDocumentReference,context.sourcePatientInfo.identifier,,MadoDicomKosDocumentReference.context.sourcePatientInfo.identifier,,,
EuMadoDicomKosDocumentReference,context.sourcePatientInfo.display,,MadoDicomKosDocumentReference.context.sourcePatientInfo.display,,,
EuMadoDicomKosDocumentReference,context.related,,MadoDicomKosDocumentReference.context.related,,,
EuMadoDicomKosDocumentReference,context.related[study-instance-uid],MS,MadoDicomKosDocumentReference.context.related[study-instance-uid],,,
EuMadoDicomKosDocumentReference,context.related[accession-number],MS,MadoDicomKosDocumentReference.context.related[accession-number],,,
EuMadoFhirDocumentReference,id,,MadoFhirDocumentReference.id,,,
EuMadoFhirDocumentReference,meta,,MadoFhirDocumentReference.meta,,,
EuMadoFhirDocumentReference,meta.id,,MadoFhirDocumentReference.meta.id,,,
EuMadoFhirDocumentReference,meta.extension,,MadoFhirDocumentReference.meta.extension,,,
EuMadoFhirDocumentReference,meta.versionId,,MadoFhirDocumentReference.meta.versionId,,,
EuMadoFhirDocumentReference,meta.lastUpdated,,MadoFhirDocumentReference.meta.lastUpdated,,,
EuMadoFhirDocumentReference,meta.source,,MadoFhirDocumentReference.meta.source,,,
EuMadoFhirDocumentReference,meta.profile,,MadoFhirDocumentReference.meta.profile,,,
EuMadoFhirDocumentReference,meta.security,,MadoFhirDocumentReference.meta.security,,,
EuMadoFhirDocumentReference,meta.tag,,MadoFhirDocumentReference.meta.tag,,,
EuMadoFhirDocumentReference,implicitRules,,MadoFhirDocumentReference.implicitRules,,,
EuMadoFhirDocumentReference,language,,MadoFhirDocumentReference.language,,,
EuMadoFhirDocumentReference,text,,MadoFhirDocumentReference.text,,,
EuMadoFhirDocumentReference,contained,,MadoFhirDocumentReference.contained,,,
EuMadoFhirDocumentReference,extension,,MadoFhirDocumentReference.extension,,,
EuMadoFhirDocumentReference,extension[bodysite],MS,MadoFhirDocumentReference.extension[bodysite],,,Required by MADO
EuMadoFhirDocumentReference,extension.id,,MadoFhirDocumentReference.extension.id,,,
EuMadoFhirDocumentReference,extension.extension,,MadoFhirDocumentReference.extension.extension,,,
EuMadoFhirDocumentReference,extension.url,,MadoFhirDocumentReference.extension.url,,,
EuMadoFhirDocumentReference,extension.value[x],,MadoFhirDocumentReference.extension.value[x],,,
EuMadoFhirDocumentReference,extension[modality],MS,MadoFhirDocumentReference.extension[modality],,,Required by MADO
EuMadoFhirDocumentReference,modifierExtension,,MadoFhirDocumentReference.modifierExtension,,,
EuMadoFhirDocumentReference,masterIdentifier,,MadoFhirDocumentReference.masterIdentifier,,,
EuMadoFhirDocumentReference,identifier,MS,MadoFhirDocumentReference.identifier,,,Required by MADO
EuMadoFhirDocumentReference,identifier[entryUUID],MS,MadoFhirDocumentReference.identifier[entryUUID],,,EU-MADO requirement
EuMadoFhirDocumentReference,status,,MadoFhirDocumentReference.status,,,
EuMadoFhirDocumentReference,docStatus,,MadoFhirDocumentReference.docStatus,,,
EuMadoFhirDocumentReference,type,MS,MadoFhirDocumentReference.type,,,Required by MADO
EuMadoFhirDocumentReference,category,MS,MadoFhirDocumentReference.category,,,Required by MADO
EuMadoFhirDocumentReference,subject,MS,MadoFhirDocumentReference.subject,,,Required by MADO
EuMadoFhirDocumentReference,date,MS,MadoFhirDocumentReference.date,,,Required by MADO
EuMadoFhirDocumentReference,author,MS,MadoFhirDocumentReference.author,,,EU-MADO requirement
EuMadoFhirDocumentReference,author[source-organization],MS,MadoFhirDocumentReference.author[source-organization],,,Required by MADO
EuMadoFhirDocumentReference,author[source-device],MS,MadoFhirDocumentReference.author[source-device],,,Required by MADO
EuMadoFhirDocumentReference,authenticator,,MadoFhirDocumentReference.authenticator,,,
EuMadoFhirDocumentReference,custodian,,MadoFhirDocumentReference.custodian,,,
EuMadoFhirDocumentReference,relatesTo,MS,MadoFhirDocumentReference.relatesTo,,,
EuMadoFhirDocumentReference,relatesTo.id,,MadoFhirDocumentReference.relatesTo.id,,,
EuMadoFhirDocumentReference,relatesTo.extension,,MadoFhirDocumentReference.relatesTo.extension,,,
EuMadoFhirDocumentReference,relatesTo.modifierExtension,,MadoFhirDocumentReference.relatesTo.modifierExtension,,,
EuMadoFhirDocumentReference,relatesTo.code,,MadoFhirDocumentReference.relatesTo.code,,,
EuMadoFhirDocumentReference,relatesTo.target,,MadoFhirDocumentReference.relatesTo.target,,,
EuMadoFhirDocumentReference,relatesTo[kos-reference],MS,MadoFhirDocumentReference.relatesTo[kos-reference],,,EU-MADO requirement
EuMadoFhirDocumentReference,relatesTo.target,,MadoFhirDocumentReference.relatesTo.target,,,Required by MADO
EuMadoFhirDocumentReference,description,,MadoFhirDocumentReference.description,,,
EuMadoFhirDocumentReference,securityLabel,MS,MadoFhirDocumentReference.securityLabel,,,Required by MADO
EuMadoFhirDocumentReference,content,,MadoFhirDocumentReference.content,,,
EuMadoFhirDocumentReference,content.id,,MadoFhirDocumentReference.content.id,,,
EuMadoFhirDocumentReference,content.extension,,MadoFhirDocumentReference.content.extension,,,
EuMadoFhirDocumentReference,content.extension[profile],,MadoFhirDocumentReference.content.extension[profile],,,
EuMadoFhirDocumentReference,content.extension.id,,MadoFhirDocumentReference.content.extension.id,,,
EuMadoFhirDocumentReference,content.extension.extension,,MadoFhirDocumentReference.content.extension.extension,,,
EuMadoFhirDocumentReference,content.extension.extension[value],,MadoFhirDocumentReference.content.extension.extension[value],,,
EuMadoFhirDocumentReference,content.extension.extension.id,,MadoFhirDocumentReference.content.extension.extension.id,,,
EuMadoFhirDocumentReference,content.extension.extension.extension,,MadoFhirDocumentReference.content.extension.extension.extension,,,
EuMadoFhirDocumentReference,content.extension.extension.url,,MadoFhirDocumentReference.content.extension.extension.url,,,
EuMadoFhirDocumentReference,content.extension.extension.value[x],,MadoFhirDocumentReference.content.extension.extension.value[x],,,
EuMadoFhirDocumentReference,content.extension.extension.value[x][valueCanonical],,MadoFhirDocumentReference.content.extension.extension.value[x][valueCanonical],,,
EuMadoFhirDocumentReference,content.extension.url,,MadoFhirDocumentReference.content.extension.url,,,
EuMadoFhirDocumentReference,content.extension.value[x],,MadoFhirDocumentReference.content.extension.value[x],,,
EuMadoFhirDocumentReference,content.modifierExtension,,MadoFhirDocumentReference.content.modifierExtension,,,
EuMadoFhirDocumentReference,content.attachment,,MadoFhirDocumentReference.content.attachment,,,
EuMadoFhirDocumentReference,content.attachment.id,,MadoFhirDocumentReference.content.attachment.id,,,
EuMadoFhirDocumentReference,content.attachment.extension,,MadoFhirDocumentReference.content.attachment.extension,,,
EuMadoFhirDocumentReference,content.attachment.contentType,,MadoFhirDocumentReference.content.attachment.contentType,,,
EuMadoFhirDocumentReference,content.attachment.language,MS,MadoFhirDocumentReference.content.attachment.language,,,EU-MADO requirement
EuMadoFhirDocumentReference,content.attachment.data,,MadoFhirDocumentReference.content.attachment.data,,,
EuMadoFhirDocumentReference,content.attachment.url,,MadoFhirDocumentReference.content.attachment.url,,,
EuMadoFhirDocumentReference,content.attachment.size,,MadoFhirDocumentReference.content.attachment.size,,,
EuMadoFhirDocumentReference,content.attachment.hash,,MadoFhirDocumentReference.content.attachment.hash,,,
EuMadoFhirDocumentReference,content.attachment.title,,MadoFhirDocumentReference.content.attachment.title,,,
EuMadoFhirDocumentReference,content.attachment.creation,MS,MadoFhirDocumentReference.content.attachment.creation,,,EU-MADO requirement
EuMadoFhirDocumentReference,content.format,MS,MadoFhirDocumentReference.content.format,,,EU-MADO requirement
EuMadoFhirDocumentReference,content.format.id,,MadoFhirDocumentReference.content.format.id,,,
EuMadoFhirDocumentReference,content.format.extension,,MadoFhirDocumentReference.content.format.extension,,,
EuMadoFhirDocumentReference,content.format.system,,MadoFhirDocumentReference.content.format.system,,,
EuMadoFhirDocumentReference,content.format.version,,MadoFhirDocumentReference.content.format.version,,,
EuMadoFhirDocumentReference,content.format.code,,MadoFhirDocumentReference.content.format.code,,,
EuMadoFhirDocumentReference,content.format.display,,MadoFhirDocumentReference.content.format.display,,,
EuMadoFhirDocumentReference,content.format.userSelected,,MadoFhirDocumentReference.content.format.userSelected,,,
EuMadoFhirDocumentReference,context,,MadoFhirDocumentReference.context,,,EU-MADO requirement
EuMadoFhirDocumentReference,context.id,,MadoFhirDocumentReference.context.id,,,
EuMadoFhirDocumentReference,context.extension,,MadoFhirDocumentReference.context.extension,,,
EuMadoFhirDocumentReference,context.modifierExtension,,MadoFhirDocumentReference.context.modifierExtension,,,
EuMadoFhirDocumentReference,context.encounter,,MadoFhirDocumentReference.context.encounter,,,
EuMadoFhirDocumentReference,context.event,,MadoFhirDocumentReference.context.event,,,
EuMadoFhirDocumentReference,context.period,MS,MadoFhirDocumentReference.context.period,,,EU-MADO requirement
EuMadoFhirDocumentReference,context.period.id,,MadoFhirDocumentReference.context.period.id,,,
EuMadoFhirDocumentReference,context.period.extension,,MadoFhirDocumentReference.context.period.extension,,,
EuMadoFhirDocumentReference,context.period.start,,MadoFhirDocumentReference.context.period.start,,,
EuMadoFhirDocumentReference,context.period.end,,MadoFhirDocumentReference.context.period.end,,,
EuMadoFhirDocumentReference,context.facilityType,MS,MadoFhirDocumentReference.context.facilityType,,,EU-MADO requirement
EuMadoFhirDocumentReference,context.practiceSetting,MS,MadoFhirDocumentReference.context.practiceSetting,,,EU-MADO requirement
EuMadoFhirDocumentReference,context.sourcePatientInfo,MS,MadoFhirDocumentReference.context.sourcePatientInfo,,,EU-MADO requirement
EuMadoFhirDocumentReference,context.sourcePatientInfo.id,,MadoFhirDocumentReference.context.sourcePatientInfo.id,,,
EuMadoFhirDocumentReference,context.sourcePatientInfo.extension,,MadoFhirDocumentReference.context.sourcePatientInfo.extension,,,
EuMadoFhirDocumentReference,context.sourcePatientInfo.reference,,MadoFhirDocumentReference.context.sourcePatientInfo.reference,,,
EuMadoFhirDocumentReference,context.sourcePatientInfo.type,,MadoFhirDocumentReference.context.sourcePatientInfo.type,,,
EuMadoFhirDocumentReference,context.sourcePatientInfo.identifier,,MadoFhirDocumentReference.context.sourcePatientInfo.identifier,,,
EuMadoFhirDocumentReference,context.sourcePatientInfo.display,,MadoFhirDocumentReference.context.sourcePatientInfo.display,,,
EuMadoFhirDocumentReference,context.related,,MadoFhirDocumentReference.context.related,,,
EuMadoFhirDocumentReference,context.related[study-instance-uid],MS,MadoFhirDocumentReference.context.related[study-instance-uid],,,
EuMadoFhirDocumentReference,context.related[accession-number],MS,MadoFhirDocumentReference.context.related[accession-number],,,
EuMadoImagingStudy,id,,MadoImagingStudy.id,,,
EuMadoImagingStudy,meta,,MadoImagingStudy.meta,,,
EuMadoImagingStudy,implicitRules,,MadoImagingStudy.implicitRules,,,
EuMadoImagingStudy,language,,MadoImagingStudy.language,,,
EuMadoImagingStudy,text,,MadoImagingStudy.text,,,
EuMadoImagingStudy,contained,,MadoImagingStudy.contained,,,
EuMadoImagingStudy,extension,,MadoImagingStudy.extension,,,
EuMadoImagingStudy,extension[anatomical-region],MS,MadoImagingStudy.extension[anatomical-region],,,EHDSImagingStudy.bodySite
EuMadoImagingStudy,extension.id,,MadoImagingStudy.extension.id,,,
EuMadoImagingStudy,extension.extension,,MadoImagingStudy.extension.extension,,,
EuMadoImagingStudy,extension.url,,MadoImagingStudy.extension.url,,,
EuMadoImagingStudy,extension.value[x],,MadoImagingStudy.extension.value[x],,,
EuMadoImagingStudy,modifierExtension,,MadoImagingStudy.modifierExtension,,,
EuMadoImagingStudy,identifier,,MadoImagingStudy.identifier,,,
EuMadoImagingStudy,identifier[study-instance-uid],MS,MadoImagingStudy.identifier[study-instance-uid],,,Required by MADO
EuMadoImagingStudy,status,,MadoImagingStudy.status,,,
EuMadoImagingStudy,modality,MS,MadoImagingStudy.modality,,,EHDSImagingStudy.modality
EuMadoImagingStudy,subject,MS,MadoImagingStudy.subject,,,EHDSImagingStudy.subject
EuMadoImagingStudy,encounter,,MadoImagingStudy.encounter,,,
EuMadoImagingStudy,started,MS,MadoImagingStudy.started,,,EHDSImagingStudy.started
EuMadoImagingStudy,basedOn,,MadoImagingStudy.basedOn,,,
EuMadoImagingStudy,basedOn[order],MS,MadoImagingStudy.basedOn[order],,,EHDSImagingStudy.basedOn
EuMadoImagingStudy,referrer,,MadoImagingStudy.referrer,,,
EuMadoImagingStudy,interpreter,,MadoImagingStudy.interpreter,,,
EuMadoImagingStudy,endpoint,,MadoImagingStudy.endpoint,,,
EuMadoImagingStudy,endpoint[webviewer],MS,MadoImagingStudy.endpoint[webviewer],,,EHDSImagingStudy.endpoint
EuMadoImagingStudy,numberOfSeries,MS,MadoImagingStudy.numberOfSeries,,,EHDSImagingStudy.numberOfSeries
EuMadoImagingStudy,numberOfInstances,MS,MadoImagingStudy.numberOfInstances,,,EHDSImagingStudy.numberOfInstances
EuMadoImagingStudy,procedureReference,,MadoImagingStudy.procedureReference,,,
EuMadoImagingStudy,procedureCode,MS,MadoImagingStudy.procedureCode,,,Required by MADO
EuMadoImagingStudy,location,,MadoImagingStudy.location,,,
EuMadoImagingStudy,reasonCode,,MadoImagingStudy.reasonCode,,,
EuMadoImagingStudy,reasonReference,,MadoImagingStudy.reasonReference,,,
EuMadoImagingStudy,note,,MadoImagingStudy.note,,,
EuMadoImagingStudy,description,MS,MadoImagingStudy.description,,,EHDSImagingStudy.description
EuMadoImagingStudy,series,MS,MadoImagingStudy.series,,,EHDSImagingStudy.series
EuMadoImagingStudy,series.id,,MadoImagingStudy.series.id,,,
EuMadoImagingStudy,series.extension,,MadoImagingStudy.series.extension,,,
EuMadoImagingStudy,series.modifierExtension,,MadoImagingStudy.series.modifierExtension,,,
EuMadoImagingStudy,series.uid,MS,MadoImagingStudy.series.uid,,,EHDSImagingStudy.series.uid
EuMadoImagingStudy,series.number,MS,MadoImagingStudy.series.number,,,EHDSImagingStudy.series.number
EuMadoImagingStudy,series.modality,MS,MadoImagingStudy.series.modality,,,EHDSImagingStudy.series.seriesModality
EuMadoImagingStudy,series.description,MS,MadoImagingStudy.series.description,,,EHDSImagingStudy.series.description
EuMadoImagingStudy,series.numberOfInstances,MS,MadoImagingStudy.series.numberOfInstances,,,EHDSImagingStudy.series.numberOfInstances
EuMadoImagingStudy,series.endpoint,,MadoImagingStudy.series.endpoint,,,
EuMadoImagingStudy,series.endpoint[wado],MS,MadoImagingStudy.series.endpoint[wado],,,EHDSImagingStudy.endpoint & EHDSImagingStudy.series.seriesEndpoint
EuMadoImagingStudy,series.bodySite,MS,MadoImagingStudy.series.bodySite,,,EHDSImagingStudy.series.bodySite
EuMadoImagingStudy,series.laterality,MS,MadoImagingStudy.series.laterality,,,EHDSImagingStudy.series.started
EuMadoImagingStudy,series.specimen,MS,MadoImagingStudy.series.specimen,,,Required by MADO
EuMadoImagingStudy,series.started,MS,MadoImagingStudy.series.started,,,EHDSImagingStudy.series.started
EuMadoImagingStudy,series.performer,,MadoImagingStudy.series.performer,,,
EuMadoImagingStudy,series.performer.id,,MadoImagingStudy.series.performer.id,,,
EuMadoImagingStudy,series.performer.extension,,MadoImagingStudy.series.performer.extension,,,
EuMadoImagingStudy,series.performer.modifierExtension,,MadoImagingStudy.series.performer.modifierExtension,,,
EuMadoImagingStudy,series.performer.function,,MadoImagingStudy.series.performer.function,,,
EuMadoImagingStudy,series.performer.actor,,MadoImagingStudy.series.performer.actor,,,
EuMadoImagingStudy,series.instance,,MadoImagingStudy.series.instance,,,
EuMadoImagingStudy,series.instance.id,,MadoImagingStudy.series.instance.id,,,
EuMadoImagingStudy,series.instance.extension,,MadoImagingStudy.series.instance.extension,,,
EuMadoImagingStudy,series.instance.extension[number-of-frames],MS,MadoImagingStudy.series.instance.extension[number-of-frames],,,Required by MADO
EuMadoImagingStudy,series.instance.extension[ko-document-title],MS,MadoImagingStudy.series.instance.extension[ko-document-title],,,Required by MADO
EuMadoImagingStudy,series.instance.modifierExtension,,MadoImagingStudy.series.instance.modifierExtension,,,
EuMadoImagingStudy,series.instance.uid,MS,MadoImagingStudy.series.instance.uid,,,Required by IHE-MADO
EuMadoImagingStudy,series.instance.sopClass,MS,MadoImagingStudy.series.instance.sopClass,,,Required by MADO
EuMadoImagingStudy,series.instance.number,MS,MadoImagingStudy.series.instance.number,,,Required by MADO
EuMadoImagingStudy,series.instance.title,MS,MadoImagingStudy.series.instance.title,,,Required by MADO
EuMadoPatient,id,,MadoPatient.id,,,
EuMadoPatient,meta,,MadoPatient.meta,,,
EuMadoPatient,implicitRules,,MadoPatient.implicitRules,,,
EuMadoPatient,language,,MadoPatient.language,,,
EuMadoPatient,text,,MadoPatient.text,,,
EuMadoPatient,contained,,MadoPatient.contained,,,
EuMadoPatient,extension,,MadoPatient.extension,,,
EuMadoPatient,modifierExtension,,MadoPatient.modifierExtension,,,
EuMadoPatient,identifier,MS,MadoPatient.identifier,,,EHDSPatient.identifier
EuMadoPatient,active,,MadoPatient.active,,,
EuMadoPatient,name,MS,MadoPatient.name,,,EHDSPatient.name
EuMadoPatient,name.id,,MadoPatient.name.id,,,
EuMadoPatient,name.extension,,MadoPatient.name.extension,,,
EuMadoPatient,name.use,,MadoPatient.name.use,,,EHDSPatient.name.use
EuMadoPatient,name.text,,MadoPatient.name.text,,,EHDSPatient.name.text
EuMadoPatient,name.family,,MadoPatient.name.family,,,EHDSPatient.name.family
EuMadoPatient,name.given,,MadoPatient.name.given,,,EHDSPatient.name.given
EuMadoPatient,name.prefix,,MadoPatient.name.prefix,,,
EuMadoPatient,name.suffix,,MadoPatient.name.suffix,,,
EuMadoPatient,name.period,,MadoPatient.name.period,,,
EuMadoPatient,telecom,,MadoPatient.telecom,,,
EuMadoPatient,gender,MS,MadoPatient.gender,,,EHDSPatient.administrativeGender
EuMadoPatient,birthDate,MS,MadoPatient.birthDate,,,EHDSPatient.birthDate
EuMadoPatient,deceased[x],,MadoPatient.deceased[x],,,
EuMadoPatient,address,,MadoPatient.address,,,
EuMadoPatient,maritalStatus,,MadoPatient.maritalStatus,,,
EuMadoPatient,multipleBirth[x],,MadoPatient.multipleBirth[x],,,
EuMadoPatient,photo,,MadoPatient.photo,,,
EuMadoPatient,contact,,MadoPatient.contact,,,
EuMadoPatient,contact.id,,MadoPatient.contact.id,,,
EuMadoPatient,contact.extension,,MadoPatient.contact.extension,,,
EuMadoPatient,contact.modifierExtension,,MadoPatient.contact.modifierExtension,,,
EuMadoPatient,contact.relationship,,MadoPatient.contact.relationship,,,
EuMadoPatient,contact.name,,MadoPatient.contact.name,,,
EuMadoPatient,contact.telecom,,MadoPatient.contact.telecom,,,
EuMadoPatient,contact.address,,MadoPatient.contact.address,,,
EuMadoPatient,contact.gender,,MadoPatient.contact.gender,,,
EuMadoPatient,contact.organization,,MadoPatient.contact.organization,,,
EuMadoPatient,contact.period,,MadoPatient.contact.period,,,
EuMadoPatient,communication,,MadoPatient.communication,,,
EuMadoPatient,communication.id,,MadoPatient.communication.id,,,
EuMadoPatient,communication.extension,,MadoPatient.communication.extension,,,
EuMadoPatient,communication.modifierExtension,,MadoPatient.communication.modifierExtension,,,
EuMadoPatient,communication.language,,MadoPatient.communication.language,,,
EuMadoPatient,communication.preferred,,MadoPatient.communication.preferred,,,
EuMadoPatient,generalPractitioner,,MadoPatient.generalPractitioner,,,
EuMadoPatient,managingOrganization,,MadoPatient.managingOrganization,,,
EuMadoPatient,link,,MadoPatient.link,,,
EuMadoPatient,link.id,,MadoPatient.link.id,,,
EuMadoPatient,link.extension,,MadoPatient.link.extension,,,
EuMadoPatient,link.modifierExtension,,MadoPatient.link.modifierExtension,,,
EuMadoPatient,link.other,,MadoPatient.link.other,,,
EuMadoPatient,link.type,,MadoPatient.link.type,,,
EuMadoRequestedProcedure,id,,MadoRequestedProcedure.id,,,
EuMadoRequestedProcedure,meta,,MadoRequestedProcedure.meta,,,
EuMadoRequestedProcedure,implicitRules,,MadoRequestedProcedure.implicitRules,,,
EuMadoRequestedProcedure,language,,MadoRequestedProcedure.language,,,
EuMadoRequestedProcedure,text,,MadoRequestedProcedure.text,,,
EuMadoRequestedProcedure,contained,,MadoRequestedProcedure.contained,,,
EuMadoRequestedProcedure,extension,,MadoRequestedProcedure.extension,,,
EuMadoRequestedProcedure,modifierExtension,,MadoRequestedProcedure.modifierExtension,,,
EuMadoRequestedProcedure,identifier,,MadoRequestedProcedure.identifier,,,
EuMadoRequestedProcedure,identifier[accession-number],MS,MadoRequestedProcedure.identifier[accession-number],,,Required by MADO
EuMadoRequestedProcedure,identifier.id,,MadoRequestedProcedure.identifier.id,,,
EuMadoRequestedProcedure,identifier.extension,,MadoRequestedProcedure.identifier.extension,,,
EuMadoRequestedProcedure,identifier.use,,MadoRequestedProcedure.identifier.use,,,
EuMadoRequestedProcedure,identifier.type,,MadoRequestedProcedure.identifier.type,,,
EuMadoRequestedProcedure,identifier.type.id,,MadoRequestedProcedure.identifier.type.id,,,
EuMadoRequestedProcedure,identifier.type.extension,,MadoRequestedProcedure.identifier.type.extension,,,
EuMadoRequestedProcedure,identifier.type.coding,,MadoRequestedProcedure.identifier.type.coding,,,
EuMadoRequestedProcedure,identifier.type.coding[v2-0203-coding],,MadoRequestedProcedure.identifier.type.coding[v2-0203-coding],,,
EuMadoRequestedProcedure,identifier.type.coding[dcm],,MadoRequestedProcedure.identifier.type.coding[dcm],,,
EuMadoRequestedProcedure,identifier.type.text,,MadoRequestedProcedure.identifier.type.text,,,
EuMadoRequestedProcedure,identifier.system,,MadoRequestedProcedure.identifier.system,,,
EuMadoRequestedProcedure,identifier.value,,MadoRequestedProcedure.identifier.value,,,
EuMadoRequestedProcedure,identifier.period,,MadoRequestedProcedure.identifier.period,,,
EuMadoRequestedProcedure,identifier.assigner,,MadoRequestedProcedure.identifier.assigner,,,
EuMadoRequestedProcedure,identifier[placer],MS,MadoRequestedProcedure.identifier[placer],,,Required by MADO
EuMadoRequestedProcedure,identifier[filler],,MadoRequestedProcedure.identifier[filler],,,
EuMadoRequestedProcedure,instantiatesCanonical,,MadoRequestedProcedure.instantiatesCanonical,,,
EuMadoRequestedProcedure,instantiatesUri,,MadoRequestedProcedure.instantiatesUri,,,
EuMadoRequestedProcedure,basedOn,,MadoRequestedProcedure.basedOn,,,
EuMadoRequestedProcedure,replaces,,MadoRequestedProcedure.replaces,,,
EuMadoRequestedProcedure,requisition,,MadoRequestedProcedure.requisition,,,
EuMadoRequestedProcedure,status,,MadoRequestedProcedure.status,,,
EuMadoRequestedProcedure,intent,,MadoRequestedProcedure.intent,,,
EuMadoRequestedProcedure,category,,MadoRequestedProcedure.category,,,
EuMadoRequestedProcedure,priority,,MadoRequestedProcedure.priority,,,
EuMadoRequestedProcedure,doNotPerform,,MadoRequestedProcedure.doNotPerform,,,
EuMadoRequestedProcedure,code,,MadoRequestedProcedure.code,,,
EuMadoRequestedProcedure,orderDetail,,MadoRequestedProcedure.orderDetail,,,
EuMadoRequestedProcedure,quantity[x],,MadoRequestedProcedure.quantity[x],,,
EuMadoRequestedProcedure,subject,,MadoRequestedProcedure.subject,,,
EuMadoRequestedProcedure,encounter,,MadoRequestedProcedure.encounter,,,
EuMadoRequestedProcedure,occurrence[x],,MadoRequestedProcedure.occurrence[x],,,
EuMadoRequestedProcedure,asNeeded[x],,MadoRequestedProcedure.asNeeded[x],,,
EuMadoRequestedProcedure,authoredOn,,MadoRequestedProcedure.authoredOn,,,
EuMadoRequestedProcedure,requester,,MadoRequestedProcedure.requester,,,
EuMadoRequestedProcedure,performerType,,MadoRequestedProcedure.performerType,,,
EuMadoRequestedProcedure,performer,,MadoRequestedProcedure.performer,,,
EuMadoRequestedProcedure,locationCode,,MadoRequestedProcedure.locationCode,,,
EuMadoRequestedProcedure,locationReference,,MadoRequestedProcedure.locationReference,,,
EuMadoRequestedProcedure,reasonCode,,MadoRequestedProcedure.reasonCode,,,
EuMadoRequestedProcedure,reasonReference,,MadoRequestedProcedure.reasonReference,,,
EuMadoRequestedProcedure,insurance,,MadoRequestedProcedure.insurance,,,
EuMadoRequestedProcedure,supportingInfo,,MadoRequestedProcedure.supportingInfo,,,
EuMadoRequestedProcedure,specimen,,MadoRequestedProcedure.specimen,,,
EuMadoRequestedProcedure,bodySite,,MadoRequestedProcedure.bodySite,,,
EuMadoRequestedProcedure,note,,MadoRequestedProcedure.note,,,
EuMadoRequestedProcedure,patientInstruction,,MadoRequestedProcedure.patientInstruction,,,
EuMadoRequestedProcedure,relevantHistory,,MadoRequestedProcedure.relevantHistory,,,
EuMadoWadoEndpoint,id,,MadoWadoEndpoint.id,,,
EuMadoWadoEndpoint,meta,,MadoWadoEndpoint.meta,,,
EuMadoWadoEndpoint,implicitRules,,MadoWadoEndpoint.implicitRules,,,
EuMadoWadoEndpoint,language,,MadoWadoEndpoint.language,,,
EuMadoWadoEndpoint,text,,MadoWadoEndpoint.text,,,
EuMadoWadoEndpoint,contained,,MadoWadoEndpoint.contained,,,
EuMadoWadoEndpoint,extension,,MadoWadoEndpoint.extension,,,
EuMadoWadoEndpoint,extension[retrieve-location-uid],MS,MadoWadoEndpoint.extension[retrieve-location-uid],,,Required by MADO
EuMadoWadoEndpoint,modifierExtension,,MadoWadoEndpoint.modifierExtension,,,
EuMadoWadoEndpoint,identifier,,MadoWadoEndpoint.identifier,,,
EuMadoWadoEndpoint,status,,MadoWadoEndpoint.status,,,
EuMadoWadoEndpoint,connectionType,,MadoWadoEndpoint.connectionType,,,
EuMadoWadoEndpoint,connectionType.id,,MadoWadoEndpoint.connectionType.id,,,
EuMadoWadoEndpoint,connectionType.extension,,MadoWadoEndpoint.connectionType.extension,,,
EuMadoWadoEndpoint,connectionType.system,,MadoWadoEndpoint.connectionType.system,,,
EuMadoWadoEndpoint,connectionType.version,,MadoWadoEndpoint.connectionType.version,,,
EuMadoWadoEndpoint,connectionType.code,,MadoWadoEndpoint.connectionType.code,,,
EuMadoWadoEndpoint,connectionType.display,,MadoWadoEndpoint.connectionType.display,,,
EuMadoWadoEndpoint,connectionType.userSelected,,MadoWadoEndpoint.connectionType.userSelected,,,
EuMadoWadoEndpoint,name,,MadoWadoEndpoint.name,,,
EuMadoWadoEndpoint,managingOrganization,,MadoWadoEndpoint.managingOrganization,,,
EuMadoWadoEndpoint,contact,,MadoWadoEndpoint.contact,,,
EuMadoWadoEndpoint,period,,MadoWadoEndpoint.period,,,
EuMadoWadoEndpoint,payloadType,,MadoWadoEndpoint.payloadType,,,
EuMadoWadoEndpoint,payloadType[text-wado],,MadoWadoEndpoint.payloadType[text-wado],,,
EuMadoWadoEndpoint,payloadType.id,,MadoWadoEndpoint.payloadType.id,,,
EuMadoWadoEndpoint,payloadType.extension,,MadoWadoEndpoint.payloadType.extension,,,
EuMadoWadoEndpoint,payloadType.coding,,MadoWadoEndpoint.payloadType.coding,,,
EuMadoWadoEndpoint,payloadType.coding[none],,MadoWadoEndpoint.payloadType.coding[none],,,
EuMadoWadoEndpoint,payloadType.coding.id,,MadoWadoEndpoint.payloadType.coding.id,,,
EuMadoWadoEndpoint,payloadType.coding.extension,,MadoWadoEndpoint.payloadType.coding.extension,,,
EuMadoWadoEndpoint,payloadType.coding.system,,MadoWadoEndpoint.payloadType.coding.system,,,
EuMadoWadoEndpoint,payloadType.coding.version,,MadoWadoEndpoint.payloadType.coding.version,,,
EuMadoWadoEndpoint,payloadType.coding.code,,MadoWadoEndpoint.payloadType.coding.code,,,
EuMadoWadoEndpoint,payloadType.coding.display,,MadoWadoEndpoint.payloadType.coding.display,,,
EuMadoWadoEndpoint,payloadType.coding.userSelected,,MadoWadoEndpoint.payloadType.coding.userSelected,,,
EuMadoWadoEndpoint,payloadType.text,,MadoWadoEndpoint.payloadType.text,,,
EuMadoWadoEndpoint,payloadMimeType,,MadoWadoEndpoint.payloadMimeType,,,
EuMadoWadoEndpoint,address,MS,MadoWadoEndpoint.address,,,Required by MADO
EuMadoWadoEndpoint,address.id,,MadoWadoEndpoint.address.id,,,
EuMadoWadoEndpoint,address.extension,,MadoWadoEndpoint.address.extension,,,
EuMadoWadoEndpoint,address.extension[data-absent-reason],,MadoWadoEndpoint.address.extension[data-absent-reason],,,
EuMadoWadoEndpoint,address.extension.id,,MadoWadoEndpoint.address.extension.id,,,
EuMadoWadoEndpoint,address.extension.extension,,MadoWadoEndpoint.address.extension.extension,,,
EuMadoWadoEndpoint,address.extension.url,,MadoWadoEndpoint.address.extension.url,,,
EuMadoWadoEndpoint,address.extension.value[x],,MadoWadoEndpoint.address.extension.value[x],,,
EuMadoWadoEndpoint,address.value,,MadoWadoEndpoint.address.value,,,
EuMadoWadoEndpoint,header,,MadoWadoEndpoint.header,,,
EuMadoWebViewerEndpoint,id,,MadoWebViewerEndpoint.id,,,
EuMadoWebViewerEndpoint,meta,,MadoWebViewerEndpoint.meta,,,
EuMadoWebViewerEndpoint,implicitRules,,MadoWebViewerEndpoint.implicitRules,,,
EuMadoWebViewerEndpoint,language,,MadoWebViewerEndpoint.language,,,
EuMadoWebViewerEndpoint,text,,MadoWebViewerEndpoint.text,,,
EuMadoWebViewerEndpoint,contained,,MadoWebViewerEndpoint.contained,,,
EuMadoWebViewerEndpoint,extension,,MadoWebViewerEndpoint.extension,,,
EuMadoWebViewerEndpoint,modifierExtension,,MadoWebViewerEndpoint.modifierExtension,,,
EuMadoWebViewerEndpoint,identifier,,MadoWebViewerEndpoint.identifier,,,
EuMadoWebViewerEndpoint,status,,MadoWebViewerEndpoint.status,,,
EuMadoWebViewerEndpoint,connectionType,,MadoWebViewerEndpoint.connectionType,,,
EuMadoWebViewerEndpoint,name,,MadoWebViewerEndpoint.name,,,
EuMadoWebViewerEndpoint,managingOrganization,,MadoWebViewerEndpoint.managingOrganization,,,
EuMadoWebViewerEndpoint,contact,,MadoWebViewerEndpoint.contact,,,
EuMadoWebViewerEndpoint,period,,MadoWebViewerEndpoint.period,,,
EuMadoWebViewerEndpoint,payloadType,,MadoWebViewerEndpoint.payloadType,,,
EuMadoWebViewerEndpoint,payloadType[type-none],,MadoWebViewerEndpoint.payloadType[type-none],,,
EuMadoWebViewerEndpoint,payloadType.id,,MadoWebViewerEndpoint.payloadType.id,,,
EuMadoWebViewerEndpoint,payloadType.extension,,MadoWebViewerEndpoint.payloadType.extension,,,
EuMadoWebViewerEndpoint,payloadType.coding,,MadoWebViewerEndpoint.payloadType.coding,,,
EuMadoWebViewerEndpoint,payloadType.coding[none],,MadoWebViewerEndpoint.payloadType.coding[none],,,
EuMadoWebViewerEndpoint,payloadType.coding.id,,MadoWebViewerEndpoint.payloadType.coding.id,,,
EuMadoWebViewerEndpoint,payloadType.coding.extension,,MadoWebViewerEndpoint.payloadType.coding.extension,,,
EuMadoWebViewerEndpoint,payloadType.coding.system,,MadoWebViewerEndpoint.payloadType.coding.system,,,
EuMadoWebViewerEndpoint,payloadType.coding.version,,MadoWebViewerEndpoint.payloadType.coding.version,,,
EuMadoWebViewerEndpoint,payloadType.coding.code,,MadoWebViewerEndpoint.payloadType.coding.code,,,
EuMadoWebViewerEndpoint,payloadType.coding.display,,MadoWebViewerEndpoint.payloadType.coding.display,,,
EuMadoWebViewerEndpoint,payloadType.coding.userSelected,,MadoWebViewerEndpoint.payloadType.coding.userSelected,,,
EuMadoWebViewerEndpoint,payloadType.text,,MadoWebViewerEndpoint.payloadType.text,,,
EuMadoWebViewerEndpoint,payloadMimeType,,MadoWebViewerEndpoint.payloadMimeType,,,
EuMadoWebViewerEndpoint,payloadMimeType[html],,MadoWebViewerEndpoint.payloadMimeType[html],,,
EuMadoWebViewerEndpoint,address,MS,MadoWebViewerEndpoint.address,,,Required by MADO
EuMadoWebViewerEndpoint,header,,MadoWebViewerEndpoint.header,,,
