Module,DICOM Reference,Attribute Name,Tag,DICOM Type,MADO IHE Usage,in_dicom,in_mado,difference_type,DICOM Description,MADO Description,MADO instruction,EU-MADO Profile,EU-MADO Field,Consumer Obligation,Producer Obligation,DICOM-KOS Match,Review comment
Patient,C.7.1.1,Patient's Name,"(0010,0010)",2,,Y,,dicom_only,Patient's full name.,,,EuMadoPatient,name,,SHALL:able-to-populate,"Patient Name (0010,0010)",
Patient,C.7.1.1,Patient ID,"(0010,0020)",2,R+,Y,Y,both,"Primary identifier for the Patient. Note In the case of imaging a group of small animals simultaneously, the single Value of this identifier corresponds to the identification of the entire group. See also Section C.7.1.4.1.1.",Primary identifier for the patient. See Section 6.X.2.5.2.1.1.,,EuMadoPatient,identifier,,SHALL:able-to-populate,"Patient ID (0010,0020) & Type of Patient ID (0010,0022) & Issuer of Patient ID Qualifiers Sequence (0010,0026)",
Patient,C.7.1.1,Type of Patient ID,"(0010,0022)",3,,Y,,dicom_only,"The type of identifier in the Patient ID (0010,0020). Defined Terms: TEXT RFID BARCODE Note The identifier is coded as a string regardless of the type, not as a binary value. When this Attribute has a Value of BARCODE, Patient ID (0010,0020) may or may not have the same Value as Barcode Value (2200,0005) in the SOP Common Module, if present.",,,EuMadoPatient,identifier,,SHALL:able-to-populate,"Patient ID (0010,0020) & Type of Patient ID (0010,0022) & Issuer of Patient ID Qualifiers Sequence (0010,0026)",
Patient,C.7.1.1,Patient's Birth Date,"(0010,0030)",2,,Y,,dicom_only,Birth date of the Patient.,,,EuMadoPatient,birthDate,,SHOULD:able-to-populate,"Patient Birth Date (0010,0030)",
Patient,C.7.1.1,Patient's Birth Date in Alternative Calendar,"(0010,0033)",3,,Y,,dicom_only,"Date of birth of the named Patient in the Alternative Calendar (0010,0035). Note No format is specified for alternative calendar dates so none should be assumed.",,,,,,,,
Patient,C.7.1.1,Patient's Death Date in Alternative Calendar,"(0010,0034)",3,,Y,,dicom_only,"Date of death of the named Patient in the Alternative Calendar (0010,0035). Note No format is specified for alternative calendar dates so none should be assumed.",,,,,,,,
Patient,C.7.1.1,Patient's Alternative Calendar,"(0010,0035)",1C,,Y,,dicom_only,"The Alternative Calendar used for Patient's Birth Date in Alternative Calendar (0010,0033) and Patient's Death Date in Alternative Calendar (0010,0034). See Section C.7.1.5 for Defined Terms. Required if either Patient's Birth Date in Alternative Calendar (0010,0033) or Patient's Alternative Death Date in Calendar (0010,0034) is present.",,,,,,,,
Patient,C.7.1.1,Patient's Sex,"(0010,0040)",2,,Y,,dicom_only,Sex of the named Patient. Enumerated Values: M male F female O other See Note 2 and Note 3.,,,EuMadoPatient,gender,,SHOULD:able-to-populate,"Patient Sex (0010,0040)",
Patient,C.7.1.1,Referenced Patient Photo Sequence,"(0010,1100)",3,,Y,,dicom_only,A photo to confirm the identity of a Patient. Only a single Item is permitted in this Sequence. See C.2.2.1.1.,,,,,,,,
Patient,C.7.1.1,Quality Control Subject,"(0010,0200)",3,,Y,,dicom_only,"Indicates whether or not the subject is a quality control phantom. Enumerated Values: YES NO If this Attribute is absent, then the subject may or may not be a phantom. This Attribute describes a characteristic of the Imaging Subject. It is distinct from Quality Control Image (0028,0300) in the General Image Module, which is used to describe an image acquired.",,,,,,,,
Patient,C.7.1.1,Referenced Patient Sequence,"(0008,1120)",3,,Y,,dicom_only,A Sequence that provides reference to a Patient. Only a single Item is permitted in this Sequence.,,,,,,,,
Patient,C.7.1.1,Patient's Birth Time,"(0010,0032)",3,,Y,,dicom_only,Birth time of the Patient.,,,,,,,,
Patient,C.7.1.1,Other Patient IDs Sequence,"(0010,1002)",3,R+,Y,Y,mado_override,"A Sequence of identification numbers or codes used to identify the Patient, which may or may not be human readable, and may or may not have been obtained from an implanted or attached device such as an RFID or barcode. One or more Items are permitted in this Sequence. Note This Attribute replaces the use of Other Patient IDs (0010,1000), which did not specify an issuer for each other identifier, and which has been retired.","A Sequence of identification numbers or codes used to identify the Patient, which may or may not be human readable, and may or may not have been obtained from an implanted or attached device such as an RFID or barcode. One or more Items shall be included in this Sequence. See Section 6.X.2.5.2.1.2.",,,,,,,
Patient,C.7.1.1,>Patient ID,"(0010,0020)",1,R+,Y,Y,both,"An identifier for the Patient. Note In the case of imaging a group of small animals simultaneously, the single Value of this identifier corresponds to the identification of the entire group. See also Section C.7.1.4.1.1.",Primary identifier for the patient. See Section 6.X.2.5.2.1.1.,,EuMadoPatient,identifier,,SHALL:able-to-populate,"Patient ID (0010,0020) & Type of Patient ID (0010,0022) & Issuer of Patient ID Qualifiers Sequence (0010,0026)",
Patient,C.7.1.1,>Type of Patient ID,"(0010,0022)",1,,Y,,dicom_only,"The type of identifier in the Patient ID (0010,0020) in this Item. Defined Terms: TEXT RFID BARCODE Note The identifier is coded as a string regardless of the type, not as a binary value. When this Attribute has a Value of BARCODE, Patient ID (0010,0020) may or may not have the same Value as Barcode Value (2200,0005) in the SOP Common Module, if present.",,,EuMadoPatient,identifier,,SHALL:able-to-populate,"Patient ID (0010,0020) & Type of Patient ID (0010,0022) & Issuer of Patient ID Qualifiers Sequence (0010,0026)",
Patient,C.7.1.1,Other Patient Names,"(0010,1001)",3,,Y,,dicom_only,Other names used to identify the Patient.,,,,,,,,
Patient,C.7.1.1,Ethnic Group Code Sequence,"(0010,2161)",3,,Y,,dicom_only,Ethnic group or race of Patient. One or more Items are permitted in this Sequence.,,,,,,,,
Patient,C.7.1.1,Ethnic Groups,"(0010,2162)",3,,Y,,dicom_only,"Ethnic group(s) or race(s) of Patient. One or more Values may be present. Note This Attribute replaces the use of Ethnic Group (0010,2160), which has been retired. See PS3.3-2025a.",,,,,,,,
Patient,C.7.1.1,Patient Comments,"(0010,4000)",3,,Y,,dicom_only,User-defined additional information about the Patient.,,,,,,,,
Patient,C.7.1.1,Patient Species Description,"(0010,2201)",1C,,Y,,dicom_only,"The taxonomic rank value (e.g., genus, subgenus, species or subspecies) of the Patient. See Section C.7.1.1.1.3. Required if the Patient is a non-human organism and if Patient Species Code Sequence (0010,2202) is not present. May be present otherwise.",,,,,,,,
Patient,C.7.1.1,Patient Species Code Sequence,"(0010,2202)",1C,,Y,,dicom_only,"The taxonomic rank value (e.g., genus, subgenus, species or subspecies) of the Patient. See Section C.7.1.1.1.3. Only a single Item shall be included in this Sequence. Required if the Patient is a non-human organism and if Patient Species Description (0010,2201) is not present. May be present otherwise.",,,,,,,,
Patient,C.7.1.1,Patient Breed Description,"(0010,2292)",2C,,Y,,dicom_only,"The breed of the Patient. See Section C.7.1.1.1.1. Required if the Patient is a non-human organism and if Patient Breed Code Sequence (0010,2293) is empty. May be present otherwise.",,,,,,,,
Patient,C.7.1.1,Patient Breed Code Sequence,"(0010,2293)",2C,,Y,,dicom_only,The breed of the Patient. See Section C.7.1.1.1.1. Zero or more Items shall be included in this Sequence. Required if the Patient is a non-human organism.,,,,,,,,
Patient,C.7.1.1,Breed Registration Sequence,"(0010,2294)",2C,,Y,,dicom_only,Information identifying a non-human organism within a breed registry. Zero or more Items shall be included in this Sequence. Required if the Patient is a non-human organism.,,,,,,,,
Patient,C.7.1.1,>Breed Registration Number,"(0010,2295)",1,,Y,,dicom_only,Identification number of a non-human organism within the registry.,,,,,,,,
Patient,C.7.1.1,>Breed Registry Code Sequence,"(0010,2296)",1,,Y,,dicom_only,Identification of the organization with which a non-human organism is registered. Only a single Item shall be included in this Sequence.,,,,,,,,
Patient,C.7.1.1,>>Include Table 8.8-1 “Code Sequence Macro Attributes”,DCID 7481 “Breed Registry”.,,,Y,,dicom_only,,,,,,,,,
Patient,C.7.1.1,Strain Description,"(0010,0212)",3,,Y,,dicom_only,The strain of the Patient. See Section C.7.1.1.1.4.,,,,,,,,
Patient,C.7.1.1,Strain Nomenclature,"(0010,0213)",3,,Y,,dicom_only,"The nomenclature used for Strain Description (0010,0212). See Section C.7.1.1.1.4.",,,,,,,,
Patient,C.7.1.1,Strain Code Sequence,"(0010,0219)",3,,Y,,dicom_only,"A coded identification of the strain of the Patient. See Section C.7.1.1.1.4. One or more Items are permitted in this Sequence. If more than one Item is present, each Item represents the same information but encoded using a different Coding Scheme (rather than post-coordinated modifiers).",,,,,,,,
Patient,C.7.1.1,Strain Additional Information,"(0010,0218)",3,,Y,,dicom_only,"Additional information about the strain of the Patient that is not encoded in the formal nomenclature used in Strain Description (0010,0212). See Section C.7.1.1.1.4.",,,,,,,,
Patient,C.7.1.1,Strain Stock Sequence,"(0010,0216)",3,,Y,,dicom_only,Information identifying a non-human organism within a strain stock. Only a single Item is permitted in this Sequence.,,,,,,,,
Patient,C.7.1.1,>Strain Stock Number,"(0010,0214)",1,,Y,,dicom_only,"The stock number of the strain of the Patient issued by the organization identified by Strain Source (0010,0217). See Section C.7.1.1.1.4.",,,,,,,,
Patient,C.7.1.1,>Strain Source,"(0010,0217)",1,,Y,,dicom_only,"Identification of the organization that is the source of the non-human organism, issued by the registry identified by Strain Source Registry Code Sequence (0010,0215). See Section C.7.1.1.1.4.",,,,,,,,
Patient,C.7.1.1,>Strain Source Registry Code Sequence,"(0010,0215)",1,,Y,,dicom_only,Identification of the organization that is the registry of sources of non-human organisms. See Section C.7.1.1.1.4. Only a single Item is permitted in this Sequence.,,,,,,,,
Patient,C.7.1.1,>>Include Table 8.8-1 “Code Sequence Macro Attributes”,DCID 7490 “Research Animal Source Registry”.,,,Y,,dicom_only,,,,,,,,,
Patient,C.7.1.1,Genetic Modifications Sequence,"(0010,0221)",3,,Y,,dicom_only,The genetic modifications of the Patient. One or more Items are permitted in this Sequence. See Section C.7.1.1.1.4.,,,,,,,,
Patient,C.7.1.1,>Genetic Modifications Description,"(0010,0222)",1,,Y,,dicom_only,The genetic modifications of the Patient described using a specific nomenclature.,,,,,,,,
Patient,C.7.1.1,>Genetic Modifications Nomenclature,"(0010,0223)",1,,Y,,dicom_only,"The nomenclature used for Genetic Modifications Description (0010,0222).",,,,,,,,
Patient,C.7.1.1,>Genetic Modifications Code Sequence,"(0010,0229)",3,,Y,,dicom_only,"A coded identification of the genetic modifications of the Patient. One or more Items are permitted in this Sequence. If more than one Item is present, each Item represents the same information but encoded using a different Coding Scheme (rather than post-coordinated modifiers).",,,,,,,,
Patient,C.7.1.1,>>Include Table 8.8-1 “Code Sequence Macro Attributes”,No Baseline CID is defined.,,,Y,,dicom_only,,,,,,,,,
Patient,C.7.1.1,Responsible Person,"(0010,2297)",2C,,Y,,dicom_only,Name of person with medical or welfare decision making authority for the Patient. Required if the Patient is a non-human organism. May be present otherwise.,,,,,,,,
Patient,C.7.1.1,Responsible Person Role,"(0010,2298)",1C,,Y,,dicom_only,Relationship of Responsible Person to the Patient. See Section C.7.1.1.1.2 for Defined Terms. Required if Responsible Person is present and has a Value.,,,,,,,,
Patient,C.7.1.1,Responsible Organization,"(0010,2299)",2C,,Y,,dicom_only,Name of organization with medical or welfare decision making authority for the Patient. Required if Patient is a non-human organism. May be present otherwise.,,,,,,,,
Patient,C.7.1.1,Patient Identity Removed,"(0012,0062)",3,,Y,,dicom_only,The true identity of the Patient has been removed from the Attributes and the Pixel Data Enumerated Values: YES NO,,,,,,,,
Patient,C.7.1.1,De-identification Method,"(0012,0063)",1C,,Y,,dicom_only,"A description or label of the mechanism or method use to remove the Patient's identity. May be multi-valued if successive de-identification steps have been performed. Note This may be used to describe the extent or thoroughness of the de-identification, for example whether or not the de-identification is for a ""Limited Data Set"" (as per HIPAA Privacy Rule). The characteristics of the de-identifying equipment and/or the responsible operator of that equipment may be recorded as an additional Item of the Contributing Equipment Sequence (0018,A001) in the SOP Common Module. De-identifying equipment may use a Purpose of Reference of (109104, DCM, ""De-identifying Equipment""). Required if Patient Identity Removed (0012,0062) is present and has a Value of YES and De-identification Method Code Sequence (0012,0064) is not present. May be present otherwise.",,,,,,,,
Patient,C.7.1.1,De-identification Method Code Sequence,"(0012,0064)",1C,,Y,,dicom_only,"A code describing the mechanism or method use to remove the Patient's identity. One or more Items shall be included in this Sequence. Multiple Items are used if successive de-identification steps have been performed or to describe options of a defined profile. Required if Patient Identity Removed (0012,0062) is present and has a Value of YES and De-identification Method (0012,0063) is not present. May be present otherwise.",,,,,,,,
Patient,C.7.1.1,Issuer of Patient ID,"(0010,0021)",,O+,,Y,mado_only,,"Identifier of the Assigning Authority (system, organization, agency, or department) that issued the Patient ID. If present should contain a label that corresponds to the authority identified by the Universal Entity ID (0010,0032) in the Issuer of Patient ID Qualifiers Sequence (0010,0024).",,EuMadoPatient,identifier.system,,SHALL:able-to-populate,,Used to populate identifier system
Patient,C.7.1.1,Issuer of Patient ID Qualifiers Sequence,"(0010,0024)",,R+,,Y,mado_only,,"Attributes specifying or qualifying the identity of the Issuer of the Patient ID (0010,0021) or scoping the Patient ID (0010,0020). Only a single Item shall be included in this Sequence.",,EuMadoPatient,identifier.system,,SHALL:able-to-populate,,Used to populate identifier system
Patient,C.7.1.1,Universal Entity ID,"(004 0,0032)",,R+,,Y,mado_only,,"Globally unique identifier for the Patient ID Assigning Authority. The authority identified by this attribute shall be the same as that labelled by the Issuer of Patient ID (0010,0021).",,EuMadoPatient,identifier.system,,SHALL:able-to-populate,,Used to populate identifier system
Patient,C.7.1.1,Universal Entity ID Type,"(004 0,0033)",,R+,,Y,mado_only,,Standard defining the format of the Universal Entity ID.,,EuMadoPatient,identifier.system,,SHALL:able-to-populate,,Used to populate identifier system
General Study,C.7.2.1,Study Instance UID,"(0020,000D)",1,,Y,,dicom_only,Unique identifier for the Study.,,,EuMadoImagingStudy,identifier[study-instance-uid],,SHALL:populate,"Study Instance UID (0020,000D)
Referenced Request Macro (0040.A370) -> Study Instance UID (0020,000D)",
General Study,C.7.2.1,Study Date,"(0008,0020)",2,R+,Y,Y,both,Date the Study started.,Date the Study started. See Section 6.X.2.6.2.,,EuMadoImagingStudy,started,SHOULD:process,SHALL:able-to-populate,"Study Date (0008,0020) & Study Time (008,0030)
SR: EV(111028,DCM,""Image Library"") -> EV(126200,DCM,""Image Library Group"") -> EV(111060,DCM,""Study Date"") & EV (111060,DCM,""Study Time"")",
General Study,C.7.2.1,Study Time,"(0008,0030)",2,R+,Y,Y,both,Time the Study started.,Time the Study started. See Section 6.X..2.6.2.,,EuMadoImagingStudy,started,SHOULD:process,SHALL:able-to-populate,"Study Date (0008,0020) & Study Time (008,0030)
SR: EV(111028,DCM,""Image Library"") -> EV(126200,DCM,""Image Library Group"") -> EV(111060,DCM,""Study Date"") & EV (111060,DCM,""Study Time"")",
General Study,C.7.2.1,Referring Physician's Name,"(0008,0090)",2,,Y,,dicom_only,Name of the Patient's referring physician.,,,,,,,,
General Study,C.7.2.1,Referring Physician Identification Sequence,"(0008,0096)",3,,Y,,dicom_only,Identification of the Patient's referring physician. Only a single Item is permitted in this Sequence.,,,,,,,,
General Study,C.7.2.1,Consulting Physician's Name,"(0008,009C)",3,,Y,,dicom_only,Consulting physician(s) for this Patient Visit.,,,,,,,,
General Study,C.7.2.1,Consulting Physician Identification Sequence,"(0008,009D)",3,,Y,,dicom_only,"Identification of the consulting physician(s). One or more Items are permitted in this Sequence. If more than one Item, the number and order shall correspond to the Value of Consulting Physician's Name (0008,009C), if present.",,,,,,,,
General Study,C.7.2.1,Study ID,"(0020,0010)",2,,Y,,dicom_only,User or equipment generated Study identifier.,,,,,,,,
General Study,C.7.2.1,Accession Number,"(0008,0050)",2,O+,Y,Y,mado_override,A departmental Information System generated number that identifies the Imaging Service Request.,"Identifier of the imaging (scheduled) procedure request. Present when a single value is assigned to the imaging study. When an imaging study has multiple accession numbers assigned, the Accession Number (0008,0050) shall be empty, and the originally assigned accession numbers shall be present in the Referenced Request Sequence 6.X.2.8.1. See Section 6.X.2.8.1 Accession Number Attribute Descriptions.",,EuMadoRequestedProcedure,identifier[accession-number],,SHALL:populate,"Accession Number (0008,0050) & Issuer of Accession Number Sequence (0008,0051)",
General Study,C.7.2.1,Issuer of Accession Number Sequence,"(0008,0051)",3,RC+,Y,Y,mado_override,Identifier of the Assigning Authority that issued the Accession Number. Only a single Item is permitted in this Sequence.,"Identifier of the Assigning Authority that issued the Accession Number (0008,0050). Required if Accession Number (0008,0050) is not empty. Only a single Item shall be included in this Sequence.",,EuMadoRequestedProcedure,identifier[accession-number],,SHALL:populate,"Accession Number (0008,0050) & Issuer of Accession Number Sequence (0008,0051)",
General Study,C.7.2.1,Study Description,"(0008,1030)",3,,Y,,dicom_only,Institution-generated description or classification of the Study performed.,,,EuMadoImagingStudy,description,SHOULD:process,SHALL:able-to-populate,"Study Description (0008,1030)",
General Study,C.7.2.1,Physician(s) of Record,"(0008,1048)",3,,Y,,dicom_only,Names of the physician(s) who are responsible for overall Patient care at time of Study (see Section C.7.3.1 for Performing Physician).,,,,,,,,
General Study,C.7.2.1,Physician(s) of Record Identification Sequence,"(0008,1049)",3,,Y,,dicom_only,"Identification of the physician(s) who are responsible for overall Patient care at time of Study. One or more Items are permitted in this Sequence. If more than one Item, the number and order shall correspond to the Value of Physician(s) of Record (0008,1048), if present.",,,,,,,,
General Study,C.7.2.1,Name of Physician(s) Reading Study,"(0008,1060)",3,,Y,,dicom_only,Names of the physician(s) reading the Study.,,,,,,,,
General Study,C.7.2.1,Physician(s) Reading Study Identification Sequence,"(0008,1062)",3,,Y,,dicom_only,"Identification of the physician(s) reading the Study. One or more Items are permitted in this Sequence. If more than one Item, the number and order shall correspond to the Value of Name of Physician(s) Reading Study (0008,1060), if present.",,,,,,,,
General Study,C.7.2.1,Requesting Service,"(0032,1033)",3,,Y,,dicom_only,"Institutional department, unit or service where the request initiated. See Note 1 and Note 2.",,,,,,,,
General Study,C.7.2.1,Requesting Service Code Sequence,"(0032,1034)",3,,Y,,dicom_only,"Institutional department, unit or service where the request initiated. Only a single Item is permitted in this Sequence.",,,,,,,,
General Study,C.7.2.1,Referenced Study Sequence,"(0008,1110)",3,,Y,,dicom_only,A Sequence that provides reference to a Study. One or more Items are permitted in this Sequence. See Section 10.6.1.,,,,,,,,
General Study,C.7.2.1,Procedure Code Sequence,"(0008,1032)",3,,Y,,dicom_only,A Sequence that conveys the type of procedure performed. One or more Items are permitted in this Sequence.,,,,,,,,
General Study,C.7.2.1,Reason For Performed Procedure Code Sequence,"(0040,1012)",3,,Y,,dicom_only,"Coded reason(s) for performing this procedure. Note May differ from the Values in Reason for the Requested Procedure (0040,100A) in Request Attribute Sequence (0040,0275), for example if what was performed differs from what was requested. One or more Items are permitted in this Sequence.",,,,,,,,
Key Object Document Series,C.17.6.1,Modality,"(0008,0060)",1,,Y,,dicom_only,"Type of device, process or method that created the Instances in this Series. Enumerated Values: KO Key Object Selection",,Fixed: KO,,,,,,
Key Object Document Series,C.17.6.1,Series Instance UID,"(0020,000E)",1,,Y,,dicom_only,Unique identifier of the Series. Note No specific semantics are specified.,,Unique for KOS,,,,,,
Key Object Document Series,C.17.6.1,Series Number,"(0020,0011)",1,,Y,,dicom_only,A number that identifies the Series. Note No specific semantics are specified.,,Unique for KOS,,,,,,
Key Object Document Series,C.17.6.1,Series Date,"(0008,0021)",3,,Y,,dicom_only,Date the Series started.,,Date KOS is created,EuMadoComposition,date,SHOULD:process,SHALL:able-to-populate,,
Key Object Document Series,C.17.6.1,Series Time,"(0008,0031)",3,,Y,,dicom_only,Time the Series started.,,Time KOS is created,EuMadoComposition,date,,SHALL:able-to-populate,,
Key Object Document Series,C.17.6.1,Protocol Name,"(0018,1030)",3,,Y,,dicom_only,Description of the conditions under which the Series was performed. Note This may represent the type of analysis used in creation of the KO SOP Instances.,,,,,,,,
Key Object Document Series,C.17.6.1,Series Description,"(0008,103E)",3,,Y,,dicom_only,Description of the Series.,,,,,,,,
Key Object Document Series,C.17.6.1,Series Description Code Sequence,"(0008,103F)",3,,Y,,dicom_only,A coded description of the Series. Only a single Item is permitted in this Sequence.,,,,,,,,
Key Object Document Series,C.17.6.1,Referenced Performed Procedure Step Sequence,"(0008,1111)",2,,Y,,dicom_only,Uniquely identifies the Performed Procedure Step SOP Instance for which the Series is created. Zero or one Item shall be included in this Sequence. Note See notes on this Attribute in Section C.17.1,,,,,,,,
Key Object Document Series,C.17.6.1,Treatment Session UID,"(300A,0700)",3,,Y,,dicom_only,A unique identifier of the RT Treatment Session to which Instances in this Series belong.,,,,,,,,
General Equipment,C.7.5.1,Manufacturer,"(0008,0070)",2,R,Y,Y,mado_override,Manufacturer of the equipment that produced the Composite Instances.,Manufacturer of the equipment that produced the KOS manifest. This attribute is required to facilitate the discovery of errors’ sources in the creation of KOS Manifests.,,EuMadoCreator,manufacturer,,SHALL:able-to-populate,"Manufacturer (0008,0070)",
General Equipment,C.7.5.1,Institution Name,"(0008,0080)",3,R,Y,Y,both,"Institution where the equipment that produced the Composite Instances is located. Note This Attribute represents the organizational context only for the Equipment IE, and should not be construed to be a substitute for Issuer of Patient ID (0010,0021) or Issuer of Accession Number (0008,0051).","Defines the institution that created the KOS manifest. This information is important to trace back any content error in a KOS Manifest. Fixed value configured onsite at install time of the software that created the KOS Manifests. Note: It is recommended to format this attribute according to the HL7 V2.5 XON data type so that it contains, in addition to the institution name, its globally unique identifier. This format is identical to the format of the authorInstitution Attribute of the MHD, XDS and XCA metadata.",,EuMadoCreatorOrganization,identifier ; name,,SHALL:able-to-populate,"Institution Name (0008,0080) (V2 XON encoding)",
General Equipment,C.7.5.1,Institution Address,"(0008,0081)",3,,Y,,dicom_only,Mailing address of the institution where the equipment that produced the Composite Instances is located.,,,,,,,,
General Equipment,C.7.5.1,Station Name,"(0008,1010)",3,,Y,,dicom_only,User defined name identifying the machine that produced the Composite Instances.,,,,,,,,
General Equipment,C.7.5.1,Institutional Department Name,"(0008,1040)",3,,Y,,dicom_only,Department in the institution where the equipment that produced the Composite Instances is located.,,,,,,,,
General Equipment,C.7.5.1,Institutional Department Type Code Sequence,"(0008,1041)",3,,Y,,dicom_only,A coded description of the type of Department or Service within the healthcare facility. Note This might be obtained from a corresponding HL7v2 message containing PV1:10 Hospital Service. Only a single Item is permitted in this Sequence.,,,,,,,,
General Equipment,C.7.5.1,Manufacturer's Model Name,"(0008,1090)",3,,Y,,dicom_only,Manufacturer's model name of the equipment that produced the Composite Instances.,,,,,,,,
General Equipment,C.7.5.1,Manufacturer's Device Class UID,"(0018,100B)",3,,Y,,dicom_only,"Manufacturer's Unique Identifier (UID) for the class of the device. A class is a manufacturer-specific grouping concept with no DICOM-defined scope or criteria. A class is independent from a marketing-defined make, model or version. A class allows grouping of devices with a similar set of capabilities. This Attribute may be multi-valued if this device is a member of more than one class.",,,,,,,,
General Equipment,C.7.5.1,Device Serial Number,"(0018,1000)",3,,Y,,dicom_only,"Manufacturer's serial number of the equipment that produced the Composite Instances. Note This identifier corresponds to the device that actually created the images, such as a CR plate reader or a CT console, and may not be sufficient to identify all of the equipment in the imaging chain, such as the generator or gantry or plate.",,,,,,,,
General Equipment,C.7.5.1,Software Versions,"(0018,1020)",3,,Y,,dicom_only,Manufacturer's designation of software version of the equipment that produced the Composite Instances. See Section C.7.5.1.1.3.,,,,,,,,
General Equipment,C.7.5.1,Gantry ID,"(0018,1008)",3,,Y,,dicom_only,Identifier of the gantry or positioner.,,,,,,,,
General Equipment,C.7.5.1,UDI Sequence,"(0018,100A)",3,,Y,,dicom_only,"Unique Device Identifier (UDI) of the entire equipment. For example, the entire CT Scanner. Note Multiple Items may be present if the entire equipment has UDIs issued by different Issuing Authorities. Multiple Items may be present if multiple pieces of equipment were involved in the creation of this Instance, e.g., the DR plate and the DR reader. This is not intended to contain the UDIs of the components of the equipment, such as the X-Ray tube of the CT scanner. Such information is stored elsewhere and accessible using the UDI of the entire equipment and a date. One or more Items are permitted in this Sequence.",,,,,,,,
General Equipment,C.7.5.1,Device UID,"(0018,1002)",3,,Y,,dicom_only,"Unique identifier of the equipment that produced the Composite Instances. Note If present in an SR object, the value is expected to be the same as the (121012, DCM, ""Device Observer UID"") in TID 1004 “Device Observer Identifying Attributes”. There is no requirement that the Device UID (0018,1002) be the same as the Instance Creator UID (0008,0014) in the SOP Common Module, though they may be.",,,,,,,,
General Equipment,C.7.5.1,Spatial Resolution,"(0018,1050)",3,,Y,,dicom_only,"The inherent limiting resolution in mm of the acquisition equipment for high contrast objects for the data gathering and reconstruction technique chosen. If variable across the images of the Series, the value at the image center.",,,,,,,,
General Equipment,C.7.5.1,Date of Manufacture,"(0018,1204)",3,,Y,,dicom_only,The date the equipment that produced the Composite Instances was originally manufactured or re-manufactured (as opposed to refurbished).,,,,,,,,
General Equipment,C.7.5.1,Date of Installation,"(0018,1205)",3,,Y,,dicom_only,The date the equipment that produced the Composite Instances was installed in its current location. The equipment may or may not have been used prior to installation in its current location.,,,,,,,,
General Equipment,C.7.5.1,Date of Last Calibration,"(0018,1200)",3,,Y,,dicom_only,Date when the image acquisition device calibration was last changed in any way. Multiple entries may be used for additional calibrations at other times. See Section C.7.5.1.1.1 for further explanation.,,,,,,,,
General Equipment,C.7.5.1,Time of Last Calibration,"(0018,1201)",3,,Y,,dicom_only,Time when the image acquisition device calibration was last changed in any way. Multiple entries may be used. See Section C.7.5.1.1.1 for further explanation.,,,,,,,,
General Equipment,C.7.5.1,Pixel Padding Value,"(0028,0120)",1C,,Y,,dicom_only,"Single pixel value or one limit (inclusive) of a range of pixel values used in an image to pad to rectangular format or to signal background that may be suppressed or that may be rendered ""transparently"" when superimposing images. See Section C.7.5.1.1.2 for further explanation. Required if Pixel Padding Range Limit (0028,0121) is present and either Pixel Data (7FE0,0010) or Pixel Data Provider URL (0028,7FE0) is present. May be present otherwise only if Pixel Data (7FE0,0010) or Pixel Data Provider URL (0028,7FE0) is present. Note The Value Representation of this Attribute is determined by the Value of Pixel Representation (0028,0103). This Attribute is not used in Presentation State Instances; there is no means in a Presentation State to ""override"" any Pixel Padding Value (0028,0120) specified in the referenced images. This Attribute does apply to RT Dose and Segmentation Instances, since they include Pixel Data. This Attribute does not apply when Float Pixel Data (7FE0,0008) or Double Float Pixel Data (7FE0,0009) are used instead of Pixel Data (7FE0,0010); Float Pixel Padding Value (0028,0122) or Double Float Pixel Padding Value (0028,0123), respectively, are used instead, and defined at the Image, not the Equipment, level. Only a single Value is allowed for this Attribute, so it only applies to images with Samples per Pixel (0028,0002) of 1, i.e., images with a Photometric Interpretation (0028,0004) of MONOCHROME1, MONOCHROME2 or PALETTE COLOR. See Section C.7.5.1.1.2 for details.",,,,,,,,
Key Object Document,C.17.6.2,Instance Number,"(0020,0013)",1,,Y,,dicom_only,A number that identifies the Document.,,,,,,SHALL:populate,,
Key Object Document,C.17.6.2,Content Date,"(0008,0023)",1,,Y,,dicom_only,The date the document content creation started.,,,EuMadoComposition,date,,SHALL:populate,,
Key Object Document,C.17.6.2,Content Time,"(0008,0033)",1,,Y,,dicom_only,The time the document content creation started.,,,EuMadoComposition,date,,SHALL:populate,,
Key Object Document,C.17.6.2,Referenced Request Sequence,"(0040,A370)",1C,R+,Y,Y,both,Identifies Requested Procedures to which this Document pertains. One or more Items shall be included in this Sequence. Required if this Document pertains to at least one Requested Procedure.,Identifies Requested Procedures to which this Document pertains. One or more Items shall be included in this Sequence. See Section 6.X.2.8.1.,,EuMadoRequestedProcedure,"identifier[placer], identifier[filler]",,SHALL:able-to-populate,"Referenced Request Sequence (0040,A370) -> Order Placer Identifier Sequence (0040,0026)",
Key Object Document,C.17.6.2,Current Requested Procedure Evidence Sequence,"(0040,A375)",1,,Y,Y,mado_override,"List of all Composite SOP Instances referenced in the Content Sequence (0040,A730). No other instances shall be included in this Sequence. One or more Items shall be included in this Sequence.","List of all Composite SOP Instances references in Content Sequence (0040,A730), including all presentation states, real world value maps and other accompanying composite instances that are referenced from the content items.",,,,,SHALL:populate,,
Key Object Document,C.17.6.2,Identical Documents Sequence,"(0040,A525)",1C,,Y,,dicom_only,"Duplicates of this document, stored with different SOP Instance UIDs. One or more Items shall be included in this Sequence. Required if this Key Object Selection document references Instances in more than one Study. See Section C.17.2.2 and Section C.17.6.2.1 for further explanation and conditions.",,,,,,,,
SOP Common,C.12.1,SOP Class UID,"(0008,0016)",1,,Y,,dicom_only,Uniquely identifies the SOP Class. See Section C.12.1.1.1 for further explanation. See also PS3.4.,,Fixed:1.2.840.10008.5.1.4.1.1.88.59,,,,,,
SOP Common,C.12.1,SOP Instance UID,"(0008,0018)",1,,Y,,dicom_only,Uniquely identifies the SOP Instance. See Section C.12.1.1.1 for further explanation. See also PS3.4.,,Unique for this Manifest,,,,,,
SOP Common,C.12.1,Specific Character Set,"(0008,0005)",1C,,Y,,dicom_only,Character Set that expands or replaces the Basic Graphic Set. Required if an expanded or replacement character set is used. See Section C.12.1.1.2 for Defined Terms.,,,,,,,,
SOP Common,C.12.1,Instance Creation Date,"(0008,0012)",3,,Y,,dicom_only,"Date the SOP Instance was created. This is the date that the SOP Instance UID was assigned, and does not change during subsequent coercion of the Instance.",,,EuMadoBundle,timestamp,,SHALL:populate,"Instance Creation Date (0008,0012), Instance Creation Time (0008,0013)",This or Content?
SOP Common,C.12.1,Instance Creation Time,"(0008,0013)",3,,Y,,dicom_only,"Time the SOP Instance was created. This is the time that the SOP Instance UID was assigned, and does not change during subsequent coercion of the Instance.",,,EuMadoBundle,timestamp,,SHALL:populate,"Instance Creation Date (0008,0012), Instance Creation Time (0008,0013)",This or Content?
SOP Common,C.12.1,Instance Coercion DateTime,"(0008,0015)",3,,Y,,dicom_only,"Date and time that the SOP Instance was last coerced, corrected or converted by a Storage SCP (see Section B.4.1.3 “Coercion of Attributes” in PS3.4).",,,,,,,,
SOP Common,C.12.1,Instance Creator UID,"(0008,0014)",3,,Y,,dicom_only,"Uniquely identifies device that created the SOP Instance. Note There is no requirement that the Instance Creator UID (0008,0014) be the same as the Device UID (0018,1002) in the General Equipment Module, though they may be.",,,,,,,,
SOP Common,C.12.1,Related General SOP Class UID,"(0008,001A)",3,,Y,,dicom_only,Uniquely identifies a Related General SOP Class for the SOP Class of this Instance. See PS3.4.,,,,,,,,
SOP Common,C.12.1,Original Specialized SOP Class UID,"(0008,001B)",3,,Y,,dicom_only,The SOP Class in which the Instance was originally encoded that has been replaced during a fall-back conversion to the current Related General SOP Class. See PS3.4.,,,,,,,,
SOP Common,C.12.1,Synthetic Data,"(0008,001C)",3,,Y,,dicom_only,"Whether or not some or all of the content of this instance was made artificially rather than being a faithful representation of acquired data. Note Since synthetic data may be intended for use in training or testing, the data may be otherwise indistinguishable from acquired patient data. For example, the Value of Manufacturer's Model Name (0008,1090) in the Equipment Module may reflect the model, whose output the instance is simulating, even though such a model did not create this instance. Similarly, the Value of KVP (0018,0060) may reflect the technique being simulated even though no X-Rays were involved. The equipment that synthesized the data may be recorded as additional Item(s) of the Contributing Equipment Sequence (0018,A001) in the SOP Common Module. The Purpose of Reference code value of (109100, DCM, ""Synthesizing Equipment"") can be used. The use of this Attribute to indicate synthetic data is not restricted to images, since any type of SOP Instance may be created artificially Enumerated Values: YES NO If data with a Synthetic Data (0008,001C) Value of YES is used to derive other content then it is expected that this derived content will also have a Synthetic Data (0008,001C) Value of YES.",,,,,,,,
SOP Common,C.12.1,Sensitive Content Code Sequence,"(0008,001D)",3,,Y,,dicom_only,"Indicates the potential presence of sensitive content in the instance. See Section C.12.1.1.11. One or more Items are permitted in this Sequence. If this Attribute is absent, then the instance may or may not contain sensitive content.",,,,,,,,
SOP Common,C.12.1,Coding Scheme Identification Sequence,"(0008,0110)",3,,Y,,dicom_only,"Sequence of Items that map Values of Coding Scheme Designator (0008,0102) to an external coding system registration, or to a private or local Coding Scheme. One or more Items are permitted in this Sequence.",,,,,,,,
SOP Common,C.12.1,>Coding Scheme Designator,"(0008,0102)",1,,Y,,dicom_only,"The value of a Coding Scheme Designator, used in this SOP Instance, which is being mapped.",,,,,,,,
SOP Common,C.12.1,>Coding Scheme Registry,"(0008,0112)",1C,,Y,,dicom_only,The name of the external registry where further definition of the identified Coding Scheme may be obtained. Required if Coding Scheme is registered. Defined Terms: HL7,,,,,,,,
SOP Common,C.12.1,>Coding Scheme UID,"(0008,010C)",1C,,Y,,dicom_only,The Coding Scheme UID identifier. Required if Coding Scheme is identified by an ISO 8824 object identifier compatible with the UI VR.,,,,,,,,
SOP Common,C.12.1,>Coding Scheme External ID,"(0008,0114)",2C,,Y,,dicom_only,"The Coding Scheme identifier as defined in an external registry. Required if Coding Scheme is registered and Coding Scheme UID (0008,010C) is not present.",,,,,,,,
SOP Common,C.12.1,>Coding Scheme Name,"(0008,0115)",3,,Y,,dicom_only,The Coding Scheme full common name.,,,,,,,,
SOP Common,C.12.1,>Coding Scheme Version,"(0008,0103)",3,,Y,,dicom_only,"The Coding Scheme version associated with the Coding Scheme Designator (0008,0102).",,,,,,,,
SOP Common,C.12.1,>Coding Scheme Responsible Organization,"(0008,0116)",3,,Y,,dicom_only,Name of the organization responsible for the Coding Scheme. May include organizational contact information.,,,,,,,,
SOP Common,C.12.1,>Coding Scheme Resources Sequence,"(0008,0109)",3,,Y,,dicom_only,Resources related to the Coding Scheme. One or more Items are permitted in this Sequence.,,,,,,,,
SOP Common,C.12.1,>>Coding Scheme URL Type,"(0008,010A)",1,,Y,,dicom_only,"The type of the resource related to the Coding Scheme at the Coding Scheme URL (0008,010E). Defined Terms: DOC The resource is human-readable information describing the Coding Scheme. OWL The resource contains an OWL file that contains a representation of the Coding Scheme. CSV The resource contains a comma separated value text file that contains a representation of the Coding Scheme. FHIR The resource is a FHIR CodingScheme, e.g., as would be referred to in the Coding.system element of a FHIR Coding resource.",,,,,,,,
SOP Common,C.12.1,>>Coding Scheme URL,"(0008,010E)",1,,Y,,dicom_only,A resource related to the Coding Scheme.,,,,,,,,
SOP Common,C.12.1,Context Group Identification Sequence,"(0008,0123)",3,,Y,,dicom_only,"Sequence of Items that map Values of Context Identifier (0008,010F) to an external, private or local Context Group. One or more Items are permitted in this Sequence.",,,,,,,,
SOP Common,C.12.1,>Context Identifier,"(0008,010F)",1,,Y,,dicom_only,The identifier of the Context Group. See Section 8.6.,,,,,,,,
SOP Common,C.12.1,>Context UID,"(0008,0117)",3,,Y,,dicom_only,The unique identifier of the Context Group. See Section 8.6.,,,,,,,,
SOP Common,C.12.1,>Mapping Resource,"(0008,0105)",1,,Y,,dicom_only,The identifier of the Mapping Resource that defines the Context Group. See Section 8.4.,,,,,,,,
SOP Common,C.12.1,>Context Group Version,"(0008,0106)",1,,Y,,dicom_only,The identifier of the version of the Context Group. See Section 8.5.,,,,,,,,
SOP Common,C.12.1,Mapping Resource Identification Sequence,"(0008,0124)",3,,Y,,dicom_only,"Sequence of Items that map Values of Mapping Resource (0008,0105) to an external, private or local Mapping Resource. One or more Items are permitted in this Sequence.",,,,,,,,
SOP Common,C.12.1,>Mapping Resource,"(0008,0105)",1,,Y,,dicom_only,The identifier of the Mapping Resource. See Section 8.4.,,,,,,,,
SOP Common,C.12.1,>Mapping Resource UID,"(0008,0118)",3,,Y,,dicom_only,The unique identifier of the Mapping Resource.,,,,,,,,
SOP Common,C.12.1,>Mapping Resource Name,"(0008,0122)",3,,Y,,dicom_only,The name of the Mapping Resource. See Section 8.4.,,,,,,,,
SOP Common,C.12.1,Timezone Offset From UTC,"(0008,0201)",3,,Y,Y,both,"Contains the offset from UTC to the timezone for all DA and TM Attributes present in this SOP Instance, and for all DT Attributes present in this SOP Instance that do not contain an explicitly encoded timezone offset. See Section C.12.1.1.8 The local timezone offset is undefined if this Attribute is absent.",Contains the offset from UTC for the timezone in which the manifest was created. It applies to all DA and TM Attributes of the Manifest.,,,,,,,
SOP Common,C.12.1,Contributing Equipment Sequence,"(0018,A001)",3,,Y,,dicom_only,"Sequence of Items containing descriptive Attributes of related equipment that has contributed to the acquisition, creation or modification of the Composite Instance. One or more Items are permitted in this Sequence. See Section C.12.1.1.5 for further explanation.",,,,,,,,
SOP Common,C.12.1,>Purpose of Reference Code Sequence,"(0040,A170)",1,,Y,,dicom_only,Describes the purpose for which the related equipment is being referenced. Only a single Item shall be included in this Sequence. See Section C.12.1.1.5 for further explanation.,,,,,,,,
SOP Common,C.12.1,>>Include Table 8.8-1 “Code Sequence Macro Attributes”,DCID 7005 “Contributing Equipment Purpose of Reference”.,,,Y,,dicom_only,,,,,,,,,
SOP Common,C.12.1,>Manufacturer,"(0008,0070)",1,,Y,,dicom_only,Manufacturer of the equipment that contributed to the Composite Instance.,,,EuMadoCreator,manufacturer,,SHALL:able-to-populate,"Manufacturer (0008,0070)",
SOP Common,C.12.1,>Institution Name,"(0008,0080)",3,,Y,,dicom_only,Institution where the equipment that contributed to the Composite Instance is located.,,,EuMadoCreatorOrganization,identifier ; name,,SHALL:able-to-populate,"Institution Name (0008,0080) (V2 XON encoding)",
SOP Common,C.12.1,>Institution Address,"(0008,0081)",3,,Y,,dicom_only,Address of the institution where the equipment that contributed to the Composite Instance is located.,,,,,,,,
SOP Common,C.12.1,>Station Name,"(0008,1010)",3,,Y,,dicom_only,User defined name identifying the machine that contributed to the Composite Instance.,,,,,,,,
SOP Common,C.12.1,>Institutional Department Name,"(0008,1040)",3,,Y,,dicom_only,Department in the institution where the equipment that contributed to the Composite Instance is located.,,,,,,,,
SOP Common,C.12.1,>Institutional Department Type Code Sequence,"(0008,1041)",3,,Y,,dicom_only,A coded description of the type of Department or Service within the healthcare facility. Only a single Item is permitted in this Sequence.,,,,,,,,
SOP Common,C.12.1,>>Include Table 8.8-1 “Code Sequence Macro Attributes”,BCID 7030 “Institutional Department/Unit/Service”.,,,Y,,dicom_only,,,,,,,,,
SOP Common,C.12.1,>Operators' Name,"(0008,1070)",3,,Y,,dicom_only,Name(s) of the operator(s) of the contributing equipment.,,,,,,,,
SOP Common,C.12.1,>Operator Identification Sequence,"(0008,1072)",3,,Y,,dicom_only,"Identification of the operator(s) of the contributing equipment. One or more Items are permitted in this Sequence. The number and order of Items shall correspond to the number and order of values of Operators' Name (0008,1070), if present.",,,,,,,,
SOP Common,C.12.1,>>Include Table 10-1 “Person Identification Macro Attributes”,,,,Y,,dicom_only,,,,,,,,,
SOP Common,C.12.1,>Manufacturer's Model Name,"(0008,1090)",3,,Y,,dicom_only,Manufacturer's model name of the equipment that contributed to the Composite Instance.,,,,,,,,
SOP Common,C.12.1,>Device Serial Number,"(0018,1000)",3,,Y,,dicom_only,Manufacturer's serial number of the equipment that contributed to the Composite Instance.,,,,,,,,
SOP Common,C.12.1,>Software Versions,"(0018,1020)",3,,Y,,dicom_only,Manufacturer's designation of the software version of the equipment that contributed to the Composite Instance. See Section C.7.5.1.1.3.,,,,,,,,
SOP Common,C.12.1,>Date of Manufacture,"(0018,1204)",3,,Y,,dicom_only,The date the equipment that contributed to the Composite Instance was originally manufactured or re-manufactured (as opposed to refurbished).,,,,,,,,
SOP Common,C.12.1,>Date of Installation,"(0018,1205)",3,,Y,,dicom_only,The date the equipment that contributed to the Composite Instance was installed in its current location. The equipment may or may not have been used prior to installation in its current location.,,,,,,,,
SOP Common,C.12.1,>Device UID,"(0018,1002)",3,,Y,,dicom_only,"Unique identifier of the contributing equipment. Note There is no requirement that this Device UID (0018,1002) be the same as the Instance Creator UID (0008,0014) in the SOP Common Module, though it may be.",,,,,,,,
SOP Common,C.12.1,>UDI Sequence,"(0018,100A)",3,,Y,,dicom_only,Unique Device Identifier (UDI) of the contributing equipment. One or more Items are permitted in this Sequence. Note This is the UDI that corresponds to the entire contributing equipment as described by the other Attributes in the Contributing Equipment Sequence Item. This is not intended to contain the UDIs of sub-components of the contributing equipment. Multiple Items may be present if the contributing equipment has UDIs issued by different Issuing Authorities.,,,,,,,,
SOP Common,C.12.1,>>Include Table 10.29-1 “UDI Macro Attributes”,,,,Y,,dicom_only,,,,,,,,,
SOP Common,C.12.1,>Spatial Resolution,"(0018,1050)",3,,Y,,dicom_only,"The inherent limiting resolution in mm of the acquisition equipment for high contrast objects for the data gathering and reconstruction technique chosen. If variable across the images of the Series, the value at the image center.",,,,,,,,
SOP Common,C.12.1,>Date of Last Calibration,"(0018,1200)",3,,Y,,dicom_only,Date when the image acquisition device calibration was last changed in any way. Multiple entries may be used for additional calibrations at other times. See Section C.7.5.1.1.1 for further explanation.,,,,,,,,
SOP Common,C.12.1,>Time of Last Calibration,"(0018,1201)",3,,Y,,dicom_only,Time when the image acquisition device calibration was last changed in any way. Multiple entries may be used. See Section C.7.5.1.1.1 for further explanation.,,,,,,,,
SOP Common,C.12.1,>Contribution DateTime,"(0018,A002)",3,,Y,,dicom_only,The Date & Time when the equipment contributed to the Composite Instance.,,,,,,,,
SOP Common,C.12.1,>Contribution Description,"(0018,A003)",3,,Y,,dicom_only,Description of the contribution the equipment made to the Composite Instance.,,,,,,,,
SOP Common,C.12.1,Instance Number,"(0020,0013)",3,,Y,,dicom_only,A number that identifies this Composite Instance.,,,,,,,,
SOP Common,C.12.1,SOP Instance Status,"(0100,0410)",3,,Y,,dicom_only,"A flag that indicates the storage status of the SOP Instance. Enumerated Values: NS Not Specified; implies that this SOP Instance has no special storage status, and hence no special actions need be taken OR Original; implies that this is the primary SOP Instance for the purpose of storage, but that it has not yet been authorized for diagnostic use AO Authorized Original; implies that this is the primary SOP Instance for the purpose of storage, which has been authorized for diagnostic use AC Authorized Copy; implies that this is a copy of an Authorized Original SOP Instance; any copies of an Authorized Original should be given the status of Authorized Copy Note Proper use of these flags is specified in Security Profiles. Implementations that do not conform to such Security Profiles may not necessarily handle these flags properly.",,,,,,,,
SOP Common,C.12.1,SOP Authorization DateTime,"(0100,0420)",3,,Y,,dicom_only,"The date and time when the SOP Instance Status (0100,0410) was set to AO.",,,,,,,,
SOP Common,C.12.1,SOP Authorization Comment,"(0100,0424)",3,,Y,,dicom_only,"Any comments associated with the setting of the SOP Instance Status (0100,0410) to AO.",,,,,,,,
SOP Common,C.12.1,Authorization Equipment Certification Number,"(0100,0426)",3,,Y,,dicom_only,"The certification number issued to the Application Entity that set the SOP Instance Status (0100,0410) to AO.",,,,,,,,
SOP Common,C.12.1,Encrypted Attributes Sequence,"(0400,0500)",1C,,Y,,dicom_only,Sequence of Items containing encrypted DICOM data. One or more Items shall be included in this Sequence. Required if application level confidentiality is needed and certain recipients are allowed to decrypt all or portions of the Encrypted Attributes Data Set. See Section C.12.1.1.4.1.,,,,,,,,
SOP Common,C.12.1,>Encrypted Content Transfer Syntax UID,"(0400,0510)",1,,Y,,dicom_only,Transfer Syntax used to encode the encrypted content. Only Transfer Syntaxes that explicitly include the VR and use Little Endian encoding shall be used.,,,,,,,,
SOP Common,C.12.1,>Encrypted Content,"(0400,0520)",1,,Y,,dicom_only,Encrypted data. See Section C.12.1.1.4.2.,,,,,,,,
SOP Common,C.12.1,HL7 Structured Document Reference Sequence,"(0040,A390)",1C,,Y,,dicom_only,Sequence of Items defining mapping between HL7 Instance Identifiers of unencapsulated HL7 Structured Documents referenced from the current SOP Instance as if they were DICOM Composite SOP Instances defined by SOP Class and Instance UID pairs. May also define a means of accessing the Documents. One or more Items shall be included in this Sequence. See Section C.12.1.1.6. Required if unencapsulated HL7 Structured Documents are referenced within the Instance. Every such document so referenced is required to have a corresponding Item in this Sequence.,,,,,,,,
SOP Common,C.12.1,>HL7 Instance Identifier,"(0040,E001)",1,,Y,,dicom_only,"Instance Identifier of the referenced HL7 Structured Document, encoded as a UID (OID or UUID), concatenated with a caret (""^"") and Extension value (if Extension is present in Instance Identifier).",,,,,,,,
SOP Common,C.12.1,>Retrieve URI,"(0040,E010)",3,,Y,,dicom_only,"Retrieval access path to HL7 Structured Document. Includes fully specified scheme, authority, path, and query in accordance with[RFC3986]. Note The VR of this Data Element has changed from UT to UR.",,,,,,,,
SOP Common,C.12.1,Longitudinal Temporal Information Modified,"(0028,0303)",3,,Y,,dicom_only,Indicates whether or not the date and time Attributes in the Instance have been modified during de-identification. Enumerated Values: UNMODIFIED MODIFIED REMOVED See Section E.2 “Basic Application Level Confidentiality Profile” in PS3.15 and Section E.3.6 “Retain Longitudinal Temporal Information Options” in PS3.15 .,,,,,,,,
SOP Common,C.12.1,Query/Retrieve View,"(0008,0053)",1C,,Y,,dicom_only,The view requested during the C-MOVE operation that resulted in the transfer of this Instance. Enumerated Values: CLASSIC ENHANCED Required if the Instance has ever been converted from its source form as the result of a C-MOVE operation with a specific view.,,,,,,,,
SOP Common,C.12.1,Conversion Source Attributes Sequence,"(0020,9172)",1C,,Y,,dicom_only,"The set of images or other composite SOP Instances that were converted to this Instance. If this Instance was converted from a specific Frame in the source Instance, the reference shall include the Frame Number. One or more Items shall be included in this Sequence. Required if this Instance was created by conversion from a DICOM source, and Conversion Source Attributes Sequence (0020,9172) is not present in an Item of Shared Functional Groups Sequence (5200,9229) or Per-Frame Functional Groups Sequence (5200,9230).",,,,,,,,
SOP Common,C.12.1,Content Qualification,"(0018,9004)",3,,Y,,dicom_only,Content Qualification Indicator Enumerated Values: PRODUCT RESEARCH SERVICE See Section C.8.13.2.1.1 for further explanation.,,,,,,,,
SOP Common,C.12.1,Private Data Element Characteristics Sequence,"(0008,0300)",3,,Y,,dicom_only,Characteristics of Private Data Elements within or referenced in the current SOP Instance. See Section C.12.1.1.7. One or more Items are permitted in this Sequence.,,,,,,,,
SOP Common,C.12.1,>Private Group Reference,"(0008,0301)",1,,Y,,dicom_only,Odd group number within which the Private Data Element block is reserved.,,,,,,,,
SOP Common,C.12.1,>Private Creator Reference,"(0008,0302)",1,,Y,,dicom_only,"The value of the Private Creator Data Element value used to reserve the block of Private Data Elements whose characteristics are described in this Item. Note Private blocks are identified by their Private Creator Data Element value, rather than their numeric block number, since instances may be modified and numeric block numbers reassigned but the Private Creator Data Element value, which is required to be unique within a Group of Private Data Elements, will be preserved.",,,,,,,,
SOP Common,C.12.1,>Private Data Element Definition Sequence,"(0008,0310)",3,,Y,,dicom_only,Description of individual Private Data Elements. One or more Items are permitted in this Sequence.,,,,,,,,
SOP Common,C.12.1,>>Private Data Element,"(0008,0308)",1,,Y,,dicom_only,"Element Number used to identify the Data Element within the reserved block. The Value of this Attribute represents the last two digits of the Data Element Tag; i.e., the Value of xx in (gggg,00xx) where gggg is the Private Group Reference (0008,0301).",,,,,,,,
SOP Common,C.12.1,>>Private Data Element Value Multiplicity,"(0008,0309)",1,,Y,,dicom_only,Value Multiplicity (VM) of the Data Element. See Section C.12.1.1.7.1.,,,,,,,,
SOP Common,C.12.1,>>Private Data Element Value Representation,"(0008,030A)",1,,Y,,dicom_only,Value Representation (VR) of the Data Element.,,,,,,,,
SOP Common,C.12.1,>>Private Data Element Number of Items,"(0008,030B)",1C,,Y,,dicom_only,"Number of Items allowed in a Sequence Data Element. Required if the Value of Private Data Element Value Representation (0008,030A) is SQ. See Section C.12.1.1.7.2.",,,,,,,,
SOP Common,C.12.1,>>Private Data Element Keyword,"(0008,030D)",1,,Y,,dicom_only,Keyword for the Data Element (in the sense of the keywords provided in PS3.6).,,,,,,,,
SOP Common,C.12.1,>>Private Data Element Name,"(0008,030C)",1,,Y,,dicom_only,Name for referring to the Data Element.,,,,,,,,
SOP Common,C.12.1,>>Private Data Element Description,"(0008,030E)",3,,Y,,dicom_only,Description of the purpose and/or proper usage of the Data Element.,,,,,,,,
SOP Common,C.12.1,>>Private Data Element Encoding,"(0008,030F)",3,,Y,,dicom_only,Description of how the Data Element value contents are encoded.,,,,,,,,
SOP Common,C.12.1,>>Retrieve URI,"(0040,E010)",3,,Y,,dicom_only,"Retrieval access path to associated documentation. Includes fully specified scheme, authority, path, and query in accordance with [RFC3986].",,,,,,,,
SOP Common,C.12.1,>Block Identifying Information Status,"(0008,0303)",1,,Y,,dicom_only,Specifies whether some or all of the Private Data Elements in the block are safe from identity leakage as defined by PS3.15 Section E.3.10 Retain Safe Private Option. Enumerated Values: SAFE no Data Elements within the block contain identifying information UNSAFE all Data Elements within the block may contain identifying information MIXED some Data Elements within the block may contain identifying information,,,,,,,,
SOP Common,C.12.1,>Nonidentifying Private Elements,"(0008,0304)",1C,,Y,,dicom_only,"List of Private Data Elements in block that do not contain identifying information (are safe from identity leakage). Elements are identified by the lowest 8-bits of the Date Element Tag (i.e., with a value from 0000H to 00FFH) within the block, stored as an unsigned short integer. Multiple values shall be in increasing order and a given Value shall be listed at most once. Required if Block Identifying Information Status (0008,0303) equals MIXED.",,,,,,,,
SOP Common,C.12.1,>Deidentification Action Sequence,"(0008,0305)",3,,Y,,dicom_only,Actions to be performed on element within the block that are not safe from identify leakage. One or more Items are permitted in this Sequence.,,,,,,,,
SOP Common,C.12.1,>>Identifying Private Elements,"(0008,0306)",1,,Y,,dicom_only,"List of Private Data Elements in block that may contain identifying information (are unsafe from identity leakage). Elements are identified by the lowest 8-bits of the Data Element Tag (i.e., with a value from 0000H to 00FFH) within the block, stored as an unsigned short integer. Multiple values shall be in increasing order and a given Value shall be listed at most once.",,,,,,,,
SOP Common,C.12.1,>>Deidentification Action,"(0008,0307)",1,,Y,,dicom_only,"Recommended action to be performed during de-identification on elements listed in Identifying Private Elements (0008,0306) within this Item. Note A specific type of action is suggested in order to minimize the impact of de-identification on the behavior of recipients that use the Private Data Elements. Enumerated Values: D replace with a non-zero length value that may be a dummy value and consistent with the VR Z replace with a zero length value, or a non-zero length value that may be a dummy value and consistent with the VR X remove U replace with a non-zero length UID that is internally consistent within a set of Instance Note No C (clean) action is specified, since replacement with values of similar meaning known not to contain identifying information and consistent with the VR requires an understanding of the meaning of the value of the element. Whether or not to clean rather than remove or replace values is at the discretion of the implementer. No suggested dummy value is provided, since the encoding of the value would depend on the VR of the Data Element. Further explanation of these actions can be found in PS3.15 Section E.3.1 Clean Pixel Data Option.",,,,,,,,
SOP Common,C.12.1,Instance Origin Status,"(0400,0600)",3,,Y,,dicom_only,Categorizes the locality of the entity from whence the Instance originated. See Section C.12.1.1.10.,,,,,,,,
SOP Common,C.12.1,Barcode Value,"(2200,0005)",3,,Y,,dicom_only,"Barcode interpreted from a scanned label. Note In the case of a scanned patient label, this may be the same as Patient ID (0010,0020), but it is included in an Instance level Module rather than a Patient level Module since barcodes may also be used to identify lower level entities. This might be obtained by scanning the patient's wrist band, request form, or extracting a burned-in label from the image pixel data, for example. In the case of a scanned slide label, this may be the same as Container Identifier (0040,0512) in the Specimen Module.",,,,,,,,
SOP Common,C.12.1,Universal Entity ID,"(0010,0032)",,R+,,Y,mado_only,,Globally unique identifier for the Assigning Authority.,,,,,,,
SOP Common,C.12.1,Universal Entity ID Type,"(0010,0033)",,RC+,,Y,mado_only,,"Standard defining the format of the Universal Entity ID. (e.g. value: “ISO” for an OID format) Required if Universal Entity ID (0010,0032) is present.",,,,,,,
SOP Common,C.12.1,Study Instance UID,"(0020,000D)",,R,,Y,mado_only,,"Unique identifier for the Study. Copy of the referenced study’s Study Instance UID (0020,000D). Note: There is a 1 to 1 relationship between this KOS manifest and the study that this KOS manifest references.",,EuMadoImagingStudy,identifier[study-instance-uid],,SHALL:populate,"Study Instance UID (0020,000D)
Referenced Request Macro (0040.A370) -> Study Instance UID (0020,000D)",
SOP Common,C.12.1,Display URI,(gggg.eeee) (See Note for temporary TI private tag),,O,,Y,mado_only,,The value of this attribute is an opaque URI that results in launching a remote viewing application for the imaging study summarized by the imaging study manifest (See the concepts described in section X.4.1.7 Launching a Remote Image Display).,,,,,,,
SOP Common,C.12.1,Referenced Series Sequence,"(0008,1115)",,R,,Y,mado_only,,Sequence of Items where each item includes the Attributes of a Series containing referenced Composite Object(s),,EuMadoWadoEndpoint,extension[retrieve-location-uid] ; address,,SHALL:able-to-populate,"CurrentRequestedProcedureEvidenceSequence (0040,8375) -> ReferencedSeriesSequence (0008,1115) -> Retrieve Location Uid (0040,E011) ; CurrentRequestedProcedureEvidenceSequence (0040,8375) -> ReferencedSeriesSequence (0008,1115) -> Retrieve Url (0008,1190)",
SOP Common,C.12.1,Retrieve Location UID,"(0040,E011)",,R+,,Y,mado_only,,Unique identifier of the system where the Composite Object(s) may be retrieved on the network. The value of this attribute is an OID that may be used as a reference to obtain the endpoint of the corresponding WADO-RS service returned as a Base URI (See concept section X.4.1.2 Intra-community sharing infrastructure). WADO-RS retrieval URLs can be composed by the consumer using this Base URI and the study/series/instance UIDs from this manifest.,,EuMadoWadoEndpoint,extension[retrieve-location-uid],,SHALL:able-to-populate,"CurrentRequestedProcedureEvidenceSequence (0040,8375) -> ReferencedSeriesSequence (0008,1115) -> Retrieve Location Uid (0040,E011)",
SOP Common,C.12.1,Retrieve URL,"(0008,1190)",,O,,Y,mado_only,,URL specifying the location of the referenced Instance(s). The value of this attribute is a Base URI representing the endpoint for the corresponding WADO-RS service (See concept section X.4.1.2 Intra-community sharing infrastructure). WADO-RS retrieval URL can be composed by the consumer using this Base URI and the study/series/instance UIDs from this manifest. Note: The definition of this Retrieve URL being a Base URI aligns with its use in the IHE XDS-I.b profile (DICOM Retrieve by WADO-RS option) and the IHE XC-WADO profile.,,EuMadoWadoEndpoint,address,,SHALL:able-to-populate,"CurrentRequestedProcedureEvidenceSequence (0040,8375) -> ReferencedSeriesSequence (0008,1115) -> Retrieve Url (0008,1190)",
