Profile,Field,MS
MadoAccessionNumberIdentifier,id,
MadoAccessionNumberIdentifier,extension,
MadoAccessionNumberIdentifier,use,
MadoAccessionNumberIdentifier,type,
MadoAccessionNumberIdentifier,coding,
MadoAccessionNumberIdentifier,coding[v2-0203-coding],
MadoAccessionNumberIdentifier,coding[dcm],
MadoAccessionNumberIdentifier,text,
MadoAccessionNumberIdentifier,system,
MadoAccessionNumberIdentifier,value,
MadoAccessionNumberIdentifier,period,
MadoAccessionNumberIdentifier,assigner,
MadoAnatomicalRegionExtension,id,
MadoAnatomicalRegionExtension,extension,
MadoAnatomicalRegionExtension,url,
MadoAnatomicalRegionExtension,value[x],
MadoComposition,id,
MadoComposition,meta,
MadoComposition,implicitRules,
MadoComposition,language,
MadoComposition,text,MS
MadoComposition,extension,
MadoComposition,status,
MadoComposition,div,
MadoComposition,contained,
MadoComposition,modifierExtension,
MadoComposition,identifier,MS
MadoComposition,type,MS
MadoComposition,category,MS
MadoComposition,subject,MS
MadoComposition,encounter,
MadoComposition,date,MS
MadoComposition,author,
MadoComposition,author[source-organization],
MadoComposition,author[source-device],
MadoComposition,title,MS
MadoComposition,confidentiality,
MadoComposition,attester,
MadoComposition,mode,
MadoComposition,time,
MadoComposition,party,
MadoComposition,custodian,
MadoComposition,relatesTo,
MadoComposition,code,
MadoComposition,target[x],
MadoComposition,event,
MadoComposition,period,
MadoComposition,detail,
MadoComposition,event[imaging-study],MS
MadoComposition,section,MS
MadoComposition,title,
MadoComposition,focus,
MadoComposition,orderedBy,
MadoComposition,entry,
MadoComposition,emptyReason,
MadoComposition,section,
MadoCreator,id,
MadoCreator,meta,
MadoCreator,implicitRules,
MadoCreator,language,
MadoCreator,text,
MadoCreator,contained,
MadoCreator,extension,
MadoCreator,modifierExtension,
MadoCreator,identifier,
MadoCreator,definition,
MadoCreator,udiCarrier,
MadoCreator,deviceIdentifier,
MadoCreator,issuer,
MadoCreator,jurisdiction,
MadoCreator,carrierAIDC,
MadoCreator,carrierHRF,
MadoCreator,entryType,
MadoCreator,status,
MadoCreator,statusReason,
MadoCreator,distinctIdentifier,
MadoCreator,manufacturer,MS
MadoCreator,manufactureDate,
MadoCreator,expirationDate,
MadoCreator,lotNumber,
MadoCreator,serialNumber,
MadoCreator,deviceName,
MadoCreator,name,
MadoCreator,type,
MadoCreator,modelNumber,
MadoCreator,partNumber,
MadoCreator,type,MS
MadoCreator,coding,
MadoCreator,system,
MadoCreator,version,
MadoCreator,code,
MadoCreator,display,
MadoCreator,userSelected,
MadoCreator,specialization,
MadoCreator,systemType,
MadoCreator,component,
MadoCreator,value,
MadoCreator,property,
MadoCreator,valueQuantity,
MadoCreator,valueCode,
MadoCreator,patient,
MadoCreator,owner,MS
MadoCreator,contact,
MadoCreator,location,
MadoCreator,url,
MadoCreator,note,
MadoCreator,safety,
MadoCreator,parent,
MadoCreatorOrganization,id,
MadoCreatorOrganization,meta,
MadoCreatorOrganization,implicitRules,
MadoCreatorOrganization,language,
MadoCreatorOrganization,text,
MadoCreatorOrganization,contained,
MadoCreatorOrganization,extension,
MadoCreatorOrganization,modifierExtension,
MadoCreatorOrganization,identifier,MS
MadoCreatorOrganization,active,
MadoCreatorOrganization,type,MS
MadoCreatorOrganization,name,MS
MadoCreatorOrganization,alias,
MadoCreatorOrganization,telecom,
MadoCreatorOrganization,address,
MadoCreatorOrganization,partOf,
MadoCreatorOrganization,contact,
MadoCreatorOrganization,purpose,
MadoCreatorOrganization,name,
MadoCreatorOrganization,endpoint,
MadoDicomKosDocumentReference,id,
MadoDicomKosDocumentReference,meta,
MadoDicomKosDocumentReference,extension,
MadoDicomKosDocumentReference,versionId,
MadoDicomKosDocumentReference,lastUpdated,
MadoDicomKosDocumentReference,source,
MadoDicomKosDocumentReference,profile,
MadoDicomKosDocumentReference,security,
MadoDicomKosDocumentReference,tag,
MadoDicomKosDocumentReference,implicitRules,
MadoDicomKosDocumentReference,language,
MadoDicomKosDocumentReference,text,
MadoDicomKosDocumentReference,contained,
MadoDicomKosDocumentReference,extension[bodysite],MS
MadoDicomKosDocumentReference,extension[concept],
MadoDicomKosDocumentReference,url,
MadoDicomKosDocumentReference,value[x],
MadoDicomKosDocumentReference,extension[reference],
MadoDicomKosDocumentReference,extension[_datatype],
MadoDicomKosDocumentReference,extension[modality],MS
MadoDicomKosDocumentReference,modifierExtension,
MadoDicomKosDocumentReference,masterIdentifier,
MadoDicomKosDocumentReference,identifier,MS
MadoDicomKosDocumentReference,identifier[entryUUID],MS
MadoDicomKosDocumentReference,status,
MadoDicomKosDocumentReference,docStatus,
MadoDicomKosDocumentReference,type,MS
MadoDicomKosDocumentReference,category,MS
MadoDicomKosDocumentReference,subject,MS
MadoDicomKosDocumentReference,date,MS
MadoDicomKosDocumentReference,author,MS
MadoDicomKosDocumentReference,author[source-organization],MS
MadoDicomKosDocumentReference,author[source-device],MS
MadoDicomKosDocumentReference,authenticator,
MadoDicomKosDocumentReference,custodian,
MadoDicomKosDocumentReference,relatesTo,MS
MadoDicomKosDocumentReference,code,
MadoDicomKosDocumentReference,target,
MadoDicomKosDocumentReference,relatesTo[fhirReference],MS
MadoDicomKosDocumentReference,description,
MadoDicomKosDocumentReference,securityLabel,MS
MadoDicomKosDocumentReference,content,
MadoDicomKosDocumentReference,attachment,
MadoDicomKosDocumentReference,contentType,
MadoDicomKosDocumentReference,language,MS
MadoDicomKosDocumentReference,data,
MadoDicomKosDocumentReference,size,
MadoDicomKosDocumentReference,hash,
MadoDicomKosDocumentReference,title,
MadoDicomKosDocumentReference,creation,MS
MadoDicomKosDocumentReference,format,MS
MadoDicomKosDocumentReference,context,
MadoDicomKosDocumentReference,encounter,
MadoDicomKosDocumentReference,event,
MadoDicomKosDocumentReference,period,MS
MadoDicomKosDocumentReference,start,
MadoDicomKosDocumentReference,end,
MadoDicomKosDocumentReference,facilityType,MS
MadoDicomKosDocumentReference,practiceSetting,MS
MadoDicomKosDocumentReference,sourcePatientInfo,MS
MadoDicomKosDocumentReference,reference,
MadoDicomKosDocumentReference,type,
MadoDicomKosDocumentReference,identifier,
MadoDicomKosDocumentReference,display,
MadoDicomKosDocumentReference,related,
MadoDicomKosDocumentReference,related[study-instance-uid],MS
MadoDicomKosDocumentReference,related[accession-number],MS
MadoFhirBundle,id,
MadoFhirBundle,meta,
MadoFhirBundle,implicitRules,
MadoFhirBundle,language,
MadoFhirBundle,identifier,MS
MadoFhirBundle,type,
MadoFhirBundle,timestamp,MS
MadoFhirBundle,total,
MadoFhirBundle,link,
MadoFhirBundle,extension,
MadoFhirBundle,modifierExtension,
MadoFhirBundle,relation,
MadoFhirBundle,url,
MadoFhirBundle,entry,
MadoFhirBundle,fullUrl,
MadoFhirBundle,resource,
MadoFhirBundle,search,
MadoFhirBundle,mode,
MadoFhirBundle,score,
MadoFhirBundle,request,
MadoFhirBundle,method,
MadoFhirBundle,ifNoneMatch,
MadoFhirBundle,ifModifiedSince,
MadoFhirBundle,ifMatch,
MadoFhirBundle,ifNoneExist,
MadoFhirBundle,response,
MadoFhirBundle,status,
MadoFhirBundle,location,
MadoFhirBundle,etag,
MadoFhirBundle,lastModified,
MadoFhirBundle,outcome,
MadoFhirBundle,entry[composition],MS
MadoFhirBundle,entry[imaging-study],MS
MadoFhirBundle,entry[patient],MS
MadoFhirBundle,entry[wado-endpoint],MS
MadoFhirBundle,entry[web-endpoint],MS
MadoFhirBundle,entry[creator],MS
MadoFhirBundle,entry[creator-organization],MS
MadoFhirBundle,entry[requested-procedure],MS
MadoFhirBundle,signature,
MadoFhirDocumentReference,id,
MadoFhirDocumentReference,meta,
MadoFhirDocumentReference,extension,
MadoFhirDocumentReference,versionId,
MadoFhirDocumentReference,lastUpdated,
MadoFhirDocumentReference,source,
MadoFhirDocumentReference,profile,
MadoFhirDocumentReference,security,
MadoFhirDocumentReference,tag,
MadoFhirDocumentReference,implicitRules,
MadoFhirDocumentReference,language,
MadoFhirDocumentReference,text,
MadoFhirDocumentReference,contained,
MadoFhirDocumentReference,extension[bodysite],MS
MadoFhirDocumentReference,extension[concept],
MadoFhirDocumentReference,url,
MadoFhirDocumentReference,value[x],
MadoFhirDocumentReference,extension[reference],
MadoFhirDocumentReference,extension[_datatype],
MadoFhirDocumentReference,extension[modality],MS
MadoFhirDocumentReference,modifierExtension,
MadoFhirDocumentReference,masterIdentifier,
MadoFhirDocumentReference,identifier,MS
MadoFhirDocumentReference,identifier[entryUUID],MS
MadoFhirDocumentReference,status,
MadoFhirDocumentReference,docStatus,
MadoFhirDocumentReference,type,MS
MadoFhirDocumentReference,category,MS
MadoFhirDocumentReference,subject,MS
MadoFhirDocumentReference,date,MS
MadoFhirDocumentReference,author,MS
MadoFhirDocumentReference,author[source-organization],MS
MadoFhirDocumentReference,author[source-device],MS
MadoFhirDocumentReference,authenticator,
MadoFhirDocumentReference,custodian,
MadoFhirDocumentReference,relatesTo,MS
MadoFhirDocumentReference,code,
MadoFhirDocumentReference,target,
MadoFhirDocumentReference,relatesTo[kosReference],MS
MadoFhirDocumentReference,description,
MadoFhirDocumentReference,securityLabel,MS
MadoFhirDocumentReference,content,
MadoFhirDocumentReference,extension[profile],
MadoFhirDocumentReference,extension[value[x]],
MadoFhirDocumentReference,value[x][valueCanonical],
MadoFhirDocumentReference,attachment,
MadoFhirDocumentReference,contentType,
MadoFhirDocumentReference,language,MS
MadoFhirDocumentReference,data,
MadoFhirDocumentReference,size,
MadoFhirDocumentReference,hash,
MadoFhirDocumentReference,title,
MadoFhirDocumentReference,creation,MS
MadoFhirDocumentReference,format,MS
MadoFhirDocumentReference,system,
MadoFhirDocumentReference,version,
MadoFhirDocumentReference,display,
MadoFhirDocumentReference,userSelected,
MadoFhirDocumentReference,context,
MadoFhirDocumentReference,encounter,
MadoFhirDocumentReference,event,
MadoFhirDocumentReference,period,MS
MadoFhirDocumentReference,start,
MadoFhirDocumentReference,end,
MadoFhirDocumentReference,facilityType,MS
MadoFhirDocumentReference,practiceSetting,MS
MadoFhirDocumentReference,sourcePatientInfo,MS
MadoFhirDocumentReference,reference,
MadoFhirDocumentReference,type,
MadoFhirDocumentReference,identifier,
MadoFhirDocumentReference,related,
MadoFhirDocumentReference,related[study-instance-uid],MS
MadoFhirDocumentReference,related[accession-number],MS
MadoImagingStudy,id,
MadoImagingStudy,meta,
MadoImagingStudy,implicitRules,
MadoImagingStudy,language,
MadoImagingStudy,text,
MadoImagingStudy,contained,
MadoImagingStudy,extension,
MadoImagingStudy,extension[anatomical-region],MS
MadoImagingStudy,modifierExtension,
MadoImagingStudy,identifier,
MadoImagingStudy,identifier[study-instance-uid],MS
MadoImagingStudy,status,
MadoImagingStudy,modality,MS
MadoImagingStudy,subject,MS
MadoImagingStudy,encounter,
MadoImagingStudy,started,MS
MadoImagingStudy,basedOn,
MadoImagingStudy,basedOn[order],MS
MadoImagingStudy,referrer,
MadoImagingStudy,interpreter,
MadoImagingStudy,endpoint,
MadoImagingStudy,endpoint[webviewer],MS
MadoImagingStudy,numberOfSeries,MS
MadoImagingStudy,numberOfInstances,
MadoImagingStudy,procedureReference,
MadoImagingStudy,procedureCode,MS
MadoImagingStudy,location,
MadoImagingStudy,reasonCode,
MadoImagingStudy,reasonReference,
MadoImagingStudy,note,
MadoImagingStudy,description,MS
MadoImagingStudy,series,
MadoImagingStudy,uid,MS
MadoImagingStudy,number,MS
MadoImagingStudy,numberOfInstances,MS
MadoImagingStudy,endpoint[wado],MS
MadoImagingStudy,bodySite,MS
MadoImagingStudy,laterality,
MadoImagingStudy,specimen,MS
MadoImagingStudy,performer,
MadoImagingStudy,function,
MadoImagingStudy,actor,
MadoImagingStudy,instance,
MadoImagingStudy,extension[number-of-frames],MS
MadoImagingStudy,extension[koDocumentTitle],MS
MadoImagingStudy,sopClass,MS
MadoImagingStudy,title,MS
MadoKeyObjectDocumentTitle,id,
MadoKeyObjectDocumentTitle,extension,
MadoKeyObjectDocumentTitle,url,
MadoKeyObjectDocumentTitle,value[x],
MadoNumberOfFrames,id,
MadoNumberOfFrames,extension,
MadoNumberOfFrames,url,
MadoNumberOfFrames,value[x],
MadoPatient,id,
MadoPatient,meta,
MadoPatient,implicitRules,
MadoPatient,language,
MadoPatient,text,
MadoPatient,contained,
MadoPatient,extension,
MadoPatient,modifierExtension,
MadoPatient,identifier,MS
MadoPatient,active,
MadoPatient,name,MS
MadoPatient,telecom,
MadoPatient,gender,MS
MadoPatient,birthDate,MS
MadoPatient,deceased[x],
MadoPatient,address,
MadoPatient,maritalStatus,
MadoPatient,multipleBirth[x],
MadoPatient,photo,
MadoPatient,contact,
MadoPatient,relationship,
MadoPatient,name,
MadoPatient,gender,
MadoPatient,organization,
MadoPatient,period,
MadoPatient,communication,
MadoPatient,preferred,
MadoPatient,generalPractitioner,
MadoPatient,managingOrganization,
MadoPatient,link,
MadoPatient,other,
MadoPatient,type,
MadoReferencedAccessionNumberIdentifier,id,
MadoReferencedAccessionNumberIdentifier,extension,
MadoReferencedAccessionNumberIdentifier,reference,
MadoReferencedAccessionNumberIdentifier,type,
MadoReferencedAccessionNumberIdentifier,identifier,
MadoReferencedAccessionNumberIdentifier,display,
MadoReferencedStudyInstanceUidIdentifier,id,
MadoReferencedStudyInstanceUidIdentifier,extension,
MadoReferencedStudyInstanceUidIdentifier,reference,
MadoReferencedStudyInstanceUidIdentifier,type,
MadoReferencedStudyInstanceUidIdentifier,identifier,
MadoReferencedStudyInstanceUidIdentifier,display,
MadoRequestedProcedure,id,
MadoRequestedProcedure,meta,
MadoRequestedProcedure,implicitRules,
MadoRequestedProcedure,language,
MadoRequestedProcedure,text,
MadoRequestedProcedure,contained,
MadoRequestedProcedure,extension,
MadoRequestedProcedure,modifierExtension,
MadoRequestedProcedure,identifier,
MadoRequestedProcedure,identifier[accessionNumber],MS
MadoRequestedProcedure,identifier[placer],MS
MadoRequestedProcedure,use,
MadoRequestedProcedure,type,
MadoRequestedProcedure,coding,
MadoRequestedProcedure,coding[placer],
MadoRequestedProcedure,system,
MadoRequestedProcedure,version,
MadoRequestedProcedure,code,
MadoRequestedProcedure,display,
MadoRequestedProcedure,userSelected,
MadoRequestedProcedure,value,
MadoRequestedProcedure,period,
MadoRequestedProcedure,assigner,
MadoRequestedProcedure,identifier[filler],
MadoRequestedProcedure,coding[filler],
MadoRequestedProcedure,instantiatesCanonical,
MadoRequestedProcedure,instantiatesUri,
MadoRequestedProcedure,basedOn,
MadoRequestedProcedure,replaces,
MadoRequestedProcedure,requisition,
MadoRequestedProcedure,status,
MadoRequestedProcedure,intent,
MadoRequestedProcedure,category,
MadoRequestedProcedure,priority,
MadoRequestedProcedure,doNotPerform,
MadoRequestedProcedure,orderDetail,
MadoRequestedProcedure,quantity[x],
MadoRequestedProcedure,subject,
MadoRequestedProcedure,encounter,
MadoRequestedProcedure,occurrence[x],
MadoRequestedProcedure,asNeeded[x],
MadoRequestedProcedure,authoredOn,
MadoRequestedProcedure,requester,
MadoRequestedProcedure,performerType,
MadoRequestedProcedure,performer,
MadoRequestedProcedure,locationCode,
MadoRequestedProcedure,locationReference,
MadoRequestedProcedure,reasonCode,
MadoRequestedProcedure,reasonReference,
MadoRequestedProcedure,insurance,
MadoRequestedProcedure,supportingInfo,
MadoRequestedProcedure,specimen,
MadoRequestedProcedure,bodySite,
MadoRequestedProcedure,note,
MadoRequestedProcedure,patientInstruction,
MadoRequestedProcedure,relevantHistory,
MadoRetrieveLocationUIDExtension,id,
MadoRetrieveLocationUIDExtension,extension,
MadoRetrieveLocationUIDExtension,url,
MadoRetrieveLocationUIDExtension,value[x],
MadoStudyInstanceUidIdentifier,id,
MadoStudyInstanceUidIdentifier,extension,
MadoStudyInstanceUidIdentifier,use,
MadoStudyInstanceUidIdentifier,type,
MadoStudyInstanceUidIdentifier,coding,
MadoStudyInstanceUidIdentifier,coding[dcm],
MadoStudyInstanceUidIdentifier,text,
MadoStudyInstanceUidIdentifier,system,
MadoStudyInstanceUidIdentifier,value,
MadoStudyInstanceUidIdentifier,period,
MadoStudyInstanceUidIdentifier,assigner,
MadoWadoEndpoint,id,
MadoWadoEndpoint,meta,
MadoWadoEndpoint,implicitRules,
MadoWadoEndpoint,language,
MadoWadoEndpoint,text,
MadoWadoEndpoint,contained,
MadoWadoEndpoint,extension,
MadoWadoEndpoint,extension[retrieveLocationUid],MS
MadoWadoEndpoint,modifierExtension,
MadoWadoEndpoint,identifier,
MadoWadoEndpoint,status,
MadoWadoEndpoint,connectionType,
MadoWadoEndpoint,system,
MadoWadoEndpoint,version,
MadoWadoEndpoint,code,
MadoWadoEndpoint,display,
MadoWadoEndpoint,userSelected,
MadoWadoEndpoint,name,
MadoWadoEndpoint,managingOrganization,
MadoWadoEndpoint,contact,
MadoWadoEndpoint,period,
MadoWadoEndpoint,payloadType,
MadoWadoEndpoint,payloadType[text-wado],
MadoWadoEndpoint,coding,
MadoWadoEndpoint,coding[none],
MadoWadoEndpoint,payloadMimeType,
MadoWadoEndpoint,address,MS
MadoWadoEndpoint,extension[dataAbsentReason],
MadoWadoEndpoint,url,
MadoWadoEndpoint,value[x],
MadoWadoEndpoint,value,
MadoWadoEndpoint,header,
MadoWebViewerEndpoint,id,
MadoWebViewerEndpoint,meta,
MadoWebViewerEndpoint,implicitRules,
MadoWebViewerEndpoint,language,
MadoWebViewerEndpoint,text,
MadoWebViewerEndpoint,contained,
MadoWebViewerEndpoint,extension,
MadoWebViewerEndpoint,modifierExtension,
MadoWebViewerEndpoint,identifier,
MadoWebViewerEndpoint,status,
MadoWebViewerEndpoint,connectionType,
MadoWebViewerEndpoint,name,
MadoWebViewerEndpoint,managingOrganization,
MadoWebViewerEndpoint,contact,
MadoWebViewerEndpoint,period,
MadoWebViewerEndpoint,payloadType,
MadoWebViewerEndpoint,payloadType[type-none],
MadoWebViewerEndpoint,coding,
MadoWebViewerEndpoint,system,
MadoWebViewerEndpoint,version,
MadoWebViewerEndpoint,code,
MadoWebViewerEndpoint,display,
MadoWebViewerEndpoint,userSelected,
MadoWebViewerEndpoint,payloadMimeType,
MadoWebViewerEndpoint,address,
MadoWebViewerEndpoint,header,
