Profile,Field,Cross-reference,MS,Consumer,Producer
EHDSAddress,use,EHDSAddress.use,,,
EHDSAddress,type,EHDSAddress.type,,,
EHDSAddress,text,EHDSAddress.text,,,
EHDSAddress,street,EHDSAddress.street,,,
EHDSAddress,houseNumber,EHDSAddress.houseNumber,,,
EHDSAddress,postBox,EHDSAddress.postBox,,,
EHDSAddress,city,EHDSAddress.city,,,
EHDSAddress,postalCode,EHDSAddress.postalCode,,,
EHDSAddress,country,EHDSAddress.country,,,
EHDSAdministeredDosage,renderedDosageInstruction,EHDSAdministeredDosage.renderedDosageInstruction,,,
EHDSAdministeredDosage,dosageDetails,EHDSAdministeredDosage.dosageDetails,,,
EHDSAdministeredDosage,sequence,EHDSAdministeredDosage.dosageDetails.sequence,,,
EHDSAdministeredDosage,note,EHDSAdministeredDosage.dosageDetails.note,,,
EHDSAdministeredDosage,doseAndRate,EHDSAdministeredDosage.dosageDetails.doseAndRate,,,
EHDSAdministeredDosage,dose[x],EHDSAdministeredDosage.dosageDetails.doseAndRate.dose[x],,,
EHDSAdministeredDosage,rate[x],EHDSAdministeredDosage.dosageDetails.doseAndRate.rate[x],,,
EHDSAdministeredDosage,repeat,EHDSAdministeredDosage.dosageDetails.repeat,,,
EHDSAdministeredDosage,bounds[x],EHDSAdministeredDosage.dosageDetails.repeat.bounds[x],,,
EHDSAdministeredDosage,duration,EHDSAdministeredDosage.dosageDetails.repeat.duration,,,
EHDSAdministeredDosage,frequency,EHDSAdministeredDosage.dosageDetails.repeat.frequency,,,
EHDSAdministeredDosage,numberOfTimes,EHDSAdministeredDosage.dosageDetails.repeat.frequency.numberOfTimes,,,
EHDSAdministeredDosage,period,EHDSAdministeredDosage.dosageDetails.repeat.frequency.period,,,
EHDSAdministeredDosage,dayOfWeek,EHDSAdministeredDosage.dosageDetails.repeat.dayOfWeek,,,
EHDSAdministeredDosage,timeOfDay,EHDSAdministeredDosage.dosageDetails.repeat.timeOfDay,,,
EHDSAdministeredDosage,eventTime,EHDSAdministeredDosage.dosageDetails.repeat.eventTime,,,
EHDSAdministeredDosage,asNeeded,EHDSAdministeredDosage.dosageDetails.asNeeded,,,
EHDSAdministeredDosage,bodySite,EHDSAdministeredDosage.dosageDetails.bodySite,,,
EHDSAdministeredDosage,routeOfAdministration,EHDSAdministeredDosage.dosageDetails.routeOfAdministration,,,
EHDSAdvanceDirective,header,EHDSAdvanceDirective.header,,,
EHDSAdvanceDirective,subject,EHDSAdvanceDirective.header.subject,,,SHALL:able-to-populate
EHDSAdvanceDirective,identifier,EHDSAdvanceDirective.header.identifier,,,
EHDSAdvanceDirective,author[x],EHDSAdvanceDirective.header.author[x],,,SHALL:able-to-populate
EHDSAdvanceDirective,date,EHDSAdvanceDirective.header.date,,,SHALL:able-to-populate
EHDSAdvanceDirective,status,EHDSAdvanceDirective.header.status,,,SHALL:able-to-populate
EHDSAdvanceDirective,source,EHDSAdvanceDirective.header.source,,,SHOULD:able-to-populate
EHDSAdvanceDirective,language,EHDSAdvanceDirective.header.language,,,
EHDSAdvanceDirective,category,EHDSAdvanceDirective.category,,,SHALL:able-to-populate
EHDSAdvanceDirective,note,EHDSAdvanceDirective.note,,,SHOULD:able-to-populate
EHDSAdvanceDirective,attachment,EHDSAdvanceDirective.attachment,,,SHOULD:able-to-populate
EHDSAlert,header,EHDSAlert.header,,,
EHDSAlert,subject,EHDSAlert.header.subject,,,SHALL:able-to-populate
EHDSAlert,identifier,EHDSAlert.header.identifier,,,
EHDSAlert,author[x],EHDSAlert.header.author[x],,,
EHDSAlert,date,EHDSAlert.header.date,,,
EHDSAlert,status,EHDSAlert.header.status,,,SHALL:able-to-populate
EHDSAlert,source,EHDSAlert.header.source,,,
EHDSAlert,language,EHDSAlert.header.language,,,
EHDSAlert,code,EHDSAlert.code,,,SHALL:able-to-populate
EHDSAlert,description,EHDSAlert.description,,,SHALL:able-to-populate
EHDSAlert,priority,EHDSAlert.priority,,,SHOULD:able-to-populate
EHDSAlert,period,EHDSAlert.period,,,SHALL:able-to-populate
EHDSAlert,sourceReference,EHDSAlert.sourceReference,,,
EHDSAllergyIntolerance,header,EHDSAllergyIntolerance.header,,,
EHDSAllergyIntolerance,subject,EHDSAllergyIntolerance.header.subject,,,SHALL:able-to-populate
EHDSAllergyIntolerance,identifier,EHDSAllergyIntolerance.header.identifier,,,SHOULD:able-to-populate
EHDSAllergyIntolerance,author[x],EHDSAllergyIntolerance.header.author[x],,,
EHDSAllergyIntolerance,date,EHDSAllergyIntolerance.header.date,,,SHOULD:able-to-populate
EHDSAllergyIntolerance,status,EHDSAllergyIntolerance.header.status,,,SHALL:able-to-populate
EHDSAllergyIntolerance,source,EHDSAllergyIntolerance.header.source,,,
EHDSAllergyIntolerance,language,EHDSAllergyIntolerance.header.language,,,
EHDSAllergyIntolerance,agentOrAllergen,EHDSAllergyIntolerance.agentOrAllergen,,,SHALL:able-to-populate
EHDSAllergyIntolerance,note,EHDSAllergyIntolerance.note,,,SHOULD:able-to-populate
EHDSAllergyIntolerance,criticality,EHDSAllergyIntolerance.criticality,,,SHOULD:able-to-populate
EHDSAllergyIntolerance,certainty,EHDSAllergyIntolerance.certainty,,,
EHDSAllergyIntolerance,onsetDate,EHDSAllergyIntolerance.onsetDate,,,
EHDSAllergyIntolerance,endDate,EHDSAllergyIntolerance.endDate,,,
EHDSAllergyIntolerance,reaction,EHDSAllergyIntolerance.reaction,,,
EHDSAllergyIntolerance,agentOrAllergen,EHDSAllergyIntolerance.reaction.agentOrAllergen,,,
EHDSAllergyIntolerance,manifestation,EHDSAllergyIntolerance.reaction.manifestation,,,SHALL:able-to-populate
EHDSAllergyIntolerance,severity,EHDSAllergyIntolerance.reaction.severity,,,
EHDSAllergyIntolerance,onset,EHDSAllergyIntolerance.reaction.onset,,,SHALL:able-to-populate
EHDSAttachment,contentType,EHDSAttachment.contentType,,,
EHDSAttachment,language,EHDSAttachment.language,,,
EHDSAttachment,data,EHDSAttachment.data,,,
EHDSAttachment,url,EHDSAttachment.url,,,
EHDSAttachment,size,EHDSAttachment.size,,,
EHDSAttachment,title,EHDSAttachment.title,,,
EHDSBodyStructure,morphology,EHDSBodyStructure.morphology,,,
EHDSBodyStructure,location,EHDSBodyStructure.location,,,
EHDSBodyStructure,locationQualifier,EHDSBodyStructure.locationQualifier,,,
EHDSBodyStructure,laterality,EHDSBodyStructure.laterality,,,
EHDSBodyStructure,description,EHDSBodyStructure.description,,,
EHDSCarePlan,header,EHDSCarePlan.header,,,
EHDSCarePlan,subject,EHDSCarePlan.header.subject,,,
EHDSCarePlan,identifier,EHDSCarePlan.header.identifier,,,
EHDSCarePlan,author[x],EHDSCarePlan.header.author[x],,,
EHDSCarePlan,date,EHDSCarePlan.header.date,,,
EHDSCarePlan,status,EHDSCarePlan.header.status,,,
EHDSCarePlan,source,EHDSCarePlan.header.source,,,
EHDSCarePlan,language,EHDSCarePlan.header.language,,,
EHDSCarePlan,title,EHDSCarePlan.title,,,
EHDSCarePlan,description,EHDSCarePlan.description,,,
EHDSCarePlan,period,EHDSCarePlan.period,,,
EHDSCarePlan,addresses[x],EHDSCarePlan.addresses[x],,,
EHDSCarePlan,activity[x],EHDSCarePlan.activity[x],,,
EHDSCarePlan,goal,EHDSCarePlan.goal,,,
EHDSCondition,header,EHDSCondition.header,,,SHALL:able-to-populate
EHDSCondition,subject,EHDSCondition.header.subject,,,SHALL:able-to-populate
EHDSCondition,identifier,EHDSCondition.header.identifier,,,SHOULD:able-to-populate
EHDSCondition,author[x],EHDSCondition.header.author[x],,,
EHDSCondition,date,EHDSCondition.header.date,,,
EHDSCondition,status,EHDSCondition.header.status,,,SHALL:able-to-populate
EHDSCondition,source,EHDSCondition.header.source,,,
EHDSCondition,language,EHDSCondition.header.language,,,
EHDSCondition,problem,EHDSCondition.problem,,,SHALL:able-to-populate
EHDSCondition,onsetDate,EHDSCondition.onsetDate,,,SHOULD:able-to-populate
EHDSCondition,endDate,EHDSCondition.endDate,,,SHALL:able-to-populate
EHDSCondition,category,EHDSCondition.category,,,
EHDSCondition,resolutionCircumstances,EHDSCondition.resolutionCircumstances,,,
EHDSCondition,severity,EHDSCondition.severity,,,
EHDSCondition,bodySite,EHDSCondition.bodySite,,,SHOULD:able-to-populate
EHDSCondition,stage,EHDSCondition.stage,,,
EHDSCondition,diagnosisAssertionStatus,EHDSCondition.diagnosisAssertionStatus,,,
EHDSCondition,specialistContact,EHDSCondition.specialistContact,,,
EHDSCondition,externalResource,EHDSCondition.externalResource,,,
EHDSCurrentPregnancy,header,EHDSCurrentPregnancy.header,,,SHALL:able-to-populate
EHDSCurrentPregnancy,subject,EHDSCurrentPregnancy.header.subject,,,SHALL:able-to-populate
EHDSCurrentPregnancy,identifier,EHDSCurrentPregnancy.header.identifier,,,
EHDSCurrentPregnancy,author[x],EHDSCurrentPregnancy.header.author[x],,,
EHDSCurrentPregnancy,date,EHDSCurrentPregnancy.header.date,,,
EHDSCurrentPregnancy,status,EHDSCurrentPregnancy.header.status,,,SHALL:able-to-populate
EHDSCurrentPregnancy,source,EHDSCurrentPregnancy.header.source,,,
EHDSCurrentPregnancy,language,EHDSCurrentPregnancy.header.language,,,
EHDSCurrentPregnancy,currentPregnancyStatus,EHDSCurrentPregnancy.currentPregnancyStatus,,,SHALL:able-to-populate
EHDSCurrentPregnancy,dateOfStatus,EHDSCurrentPregnancy.dateOfStatus,,,SHALL:able-to-populate
EHDSCurrentPregnancy,expectedDateOfDelivery,EHDSCurrentPregnancy.expectedDateOfDelivery,,,SHALL:able-to-populate
EHDSCurrentPregnancy,gestationalAge,EHDSCurrentPregnancy.gestationalAge,,,
EHDSCurrentPregnancy,note,EHDSCurrentPregnancy.note,,,
EHDSDataSet,header,EHDSDataSet.header,,,
EHDSDataSet,subject,EHDSDataSet.header.subject,,,
EHDSDataSet,identifier,EHDSDataSet.header.identifier,,,
EHDSDataSet,author[x],EHDSDataSet.header.author[x],,,
EHDSDataSet,date,EHDSDataSet.header.date,,,
EHDSDataSet,status,EHDSDataSet.header.status,,,
EHDSDataSet,source,EHDSDataSet.header.source,,,
EHDSDataSet,language,EHDSDataSet.header.language,,,
EHDSDevice,instanceIdentifier,EHDSDevice.instanceIdentifier,,,
EHDSDevice,udi,EHDSDevice.udi,,,SHALL:able-to-populate
EHDSDevice,manufacturer,EHDSDevice.manufacturer,,,
EHDSDevice,manufactureDate,EHDSDevice.manufactureDate,,,
EHDSDevice,expiryDate,EHDSDevice.expiryDate,,,
EHDSDevice,lotNumber,EHDSDevice.lotNumber,,,
EHDSDevice,serialNumber,EHDSDevice.serialNumber,,,
EHDSDevice,name,EHDSDevice.name,,,SHOULD:able-to-populate
EHDSDevice,value,EHDSDevice.name.value,,,SHALL:able-to-populate
EHDSDevice,type,EHDSDevice.name.type,,,SHALL:able-to-populate
EHDSDevice,modelNumber,EHDSDevice.modelNumber,,,
EHDSDevice,version,EHDSDevice.version,,,
EHDSDevice,type,EHDSDevice.type,,,SHOULD:able-to-populate
EHDSDevice,note,EHDSDevice.note,,,SHOULD:able-to-populate
EHDSDeviceUse,header,EHDSDeviceUse.header,,,
EHDSDeviceUse,subject,EHDSDeviceUse.header.subject,,,SHALL:able-to-populate
EHDSDeviceUse,identifier,EHDSDeviceUse.header.identifier,,,
EHDSDeviceUse,author[x],EHDSDeviceUse.header.author[x],,,
EHDSDeviceUse,date,EHDSDeviceUse.header.date,,,
EHDSDeviceUse,status,EHDSDeviceUse.header.status,,,SHALL:able-to-populate
EHDSDeviceUse,source,EHDSDeviceUse.header.source,,,
EHDSDeviceUse,language,EHDSDeviceUse.header.language,,,
EHDSDeviceUse,periodOfUse,EHDSDeviceUse.periodOfUse,,,SHOULD:able-to-populate
EHDSDeviceUse,device[x],EHDSDeviceUse.device[x],,,SHALL:able-to-populate
EHDSDeviceUse,bodySite,EHDSDeviceUse.bodySite,,,SHOULD:able-to-populate
EHDSDeviceUse,reason[x],EHDSDeviceUse.reason[x],,,
EHDSDeviceUse,note,EHDSDeviceUse.note,,,SHOULD:able-to-populate
EHDSDischargeReport,header,EHDSDischargeReport.header,,SHALL:process,SHALL:able-to-populate
EHDSDischargeReport,subject,EHDSDischargeReport.header.subject,,SHALL:process,SHALL:able-to-populate
EHDSDischargeReport,identifier,EHDSDischargeReport.header.identifier,,SHALL:process,SHALL:able-to-populate
EHDSDischargeReport,author[x],EHDSDischargeReport.header.author[x],,SHALL:display,SHALL:able-to-populate
EHDSDischargeReport,date,EHDSDischargeReport.header.date,,SHALL:display,SHALL:able-to-populate
EHDSDischargeReport,status,EHDSDischargeReport.header.status,,SHALL:display,SHALL:able-to-populate
EHDSDischargeReport,source,EHDSDischargeReport.header.source,,,
EHDSDischargeReport,language,EHDSDischargeReport.header.language,,,SHALL:able-to-populate
EHDSDischargeReport,documentType,EHDSDischargeReport.header.documentType,,,SHALL:able-to-populate
EHDSDischargeReport,documentTitle,EHDSDischargeReport.header.documentTitle,,,SHALL:able-to-populate
EHDSDischargeReport,period,EHDSDischargeReport.header.period,,,SHALL:able-to-populate
EHDSDischargeReport,version,EHDSDischargeReport.header.version,,,
EHDSDischargeReport,attestation,EHDSDischargeReport.header.attestation,,SHALL:display,SHALL:able-to-populate
EHDSDischargeReport,attester[x],EHDSDischargeReport.header.attestation.attester[x],,SHALL:display,SHALL:able-to-populate
EHDSDischargeReport,datetime,EHDSDischargeReport.header.attestation.datetime,,,SHALL:able-to-populate
EHDSDischargeReport,legalAuthentication,EHDSDischargeReport.header.legalAuthentication,,,SHALL:able-to-populate
EHDSDischargeReport,legalAuthenticator[x],EHDSDischargeReport.header.legalAuthentication.legalAuthenticator[x],,,SHALL:able-to-populate
EHDSDischargeReport,datetime,EHDSDischargeReport.header.legalAuthentication.datetime,,,SHALL:able-to-populate
EHDSDischargeReport,eventType,EHDSDischargeReport.header.eventType,,,SHALL:able-to-populate
EHDSDischargeReport,serviceSpecialty,EHDSDischargeReport.header.serviceSpecialty,,SHOULD:display,SHALL:able-to-populate
EHDSDischargeReport,custodian,EHDSDischargeReport.header.custodian,,,SHALL:able-to-populate
EHDSDischargeReport,intendedRecipient[x],EHDSDischargeReport.header.intendedRecipient[x],,,
EHDSDischargeReport,presentedForm,EHDSDischargeReport.presentedForm,,SHALL:process,SHALL:able-to-populate
EHDSDischargeReport,body,EHDSDischargeReport.body,,SHALL:process,SHALL:able-to-populate
EHDSDischargeReport,alerts,EHDSDischargeReport.body.alerts,,SHOULD:process,SHOULD:able-to-populate
EHDSDischargeReport,generatedNarrative,EHDSDischargeReport.body.alerts.generatedNarrative,,SHALL:process,SHOULD:able-to-populate
EHDSDischargeReport,medicalAlert,EHDSDischargeReport.body.alerts.medicalAlert,,SHALL:process,SHOULD:able-to-populate
EHDSDischargeReport,encounterInformation,EHDSDischargeReport.body.encounterInformation,,SHALL:process,SHALL:able-to-populate
EHDSDischargeReport,generatedNarrative,EHDSDischargeReport.body.encounterInformation.generatedNarrative,,SHALL:process,SHALL:able-to-populate
EHDSDischargeReport,encounter,EHDSDischargeReport.body.encounterInformation.encounter,,SHALL:process,SHALL:able-to-populate
EHDSDischargeReport,note,EHDSDischargeReport.body.encounterInformation.note,,SHALL:process,SHOULD:able-to-populate
EHDSDischargeReport,admissionEvaluation,EHDSDischargeReport.body.admissionEvaluation,,SHALL:process,SHALL:able-to-populate
EHDSDischargeReport,generatedNarrative,EHDSDischargeReport.body.admissionEvaluation.generatedNarrative,,SHALL:process,SHOULD:able-to-populate
EHDSDischargeReport,objectiveFindings,EHDSDischargeReport.body.admissionEvaluation.objectiveFindings,,SHALL:process,SHOULD:able-to-populate
EHDSDischargeReport,functionalStatus[x],EHDSDischargeReport.body.admissionEvaluation.functionalStatus[x],,SHALL:process,SHOULD:able-to-populate
EHDSDischargeReport,note,EHDSDischargeReport.body.admissionEvaluation.note,,SHALL:process,SHOULD:able-to-populate
EHDSDischargeReport,patientHistory,EHDSDischargeReport.body.patientHistory,,SHALL:process,SHOULD:able-to-populate
EHDSDischargeReport,generatedNarrative,EHDSDischargeReport.body.patientHistory.generatedNarrative,,SHALL:process,SHOULD:able-to-populate
EHDSDischargeReport,pastProblems,EHDSDischargeReport.body.patientHistory.pastProblems,,SHALL:process,SHOULD:able-to-populate
EHDSDischargeReport,devicesAndImplants,EHDSDischargeReport.body.patientHistory.devicesAndImplants,,SHALL:process,SHOULD:able-to-populate
EHDSDischargeReport,procedures,EHDSDischargeReport.body.patientHistory.procedures,,SHALL:process,SHOULD:able-to-populate
EHDSDischargeReport,note,EHDSDischargeReport.body.patientHistory.note,,SHALL:process,SHOULD:able-to-populate
EHDSDischargeReport,courseOfEncounter,EHDSDischargeReport.body.courseOfEncounter,,SHALL:process,SHALL:able-to-populate
EHDSDischargeReport,generatedNarrative,EHDSDischargeReport.body.courseOfEncounter.generatedNarrative,,SHALL:process,SHOULD:able-to-populate
EHDSDischargeReport,diagnosticSummary,EHDSDischargeReport.body.courseOfEncounter.diagnosticSummary,,SHALL:process,SHOULD:able-to-populate
EHDSDischargeReport,procedures,EHDSDischargeReport.body.courseOfEncounter.procedures,,SHALL:process,SHOULD:able-to-populate
EHDSDischargeReport,medicalDevicesAndImplants,EHDSDischargeReport.body.courseOfEncounter.medicalDevicesAndImplants,,SHALL:process,SHOULD:able-to-populate
EHDSDischargeReport,pharmacotherapy,EHDSDischargeReport.body.courseOfEncounter.pharmacotherapy,,SHALL:process,SHOULD:able-to-populate
EHDSDischargeReport,testResults[x],EHDSDischargeReport.body.courseOfEncounter.testResults[x],,SHALL:process,SHOULD:able-to-populate
EHDSDischargeReport,note,EHDSDischargeReport.body.courseOfEncounter.note,,SHALL:process,SHOULD:able-to-populate
EHDSDischargeReport,dischargeDetails,EHDSDischargeReport.body.dischargeDetails,,SHALL:process,SHOULD:able-to-populate
EHDSDischargeReport,generatedNarrative,EHDSDischargeReport.body.dischargeDetails.generatedNarrative,,SHALL:process,SHOULD:able-to-populate
EHDSDischargeReport,objectiveFindings,EHDSDischargeReport.body.dischargeDetails.objectiveFindings,,SHALL:process,SHOULD:able-to-populate
EHDSDischargeReport,functionalStatus[x],EHDSDischargeReport.body.dischargeDetails.functionalStatus[x],,SHALL:process,SHOULD:able-to-populate
EHDSDischargeReport,note,EHDSDischargeReport.body.dischargeDetails.note,,SHALL:process,SHOULD:able-to-populate
EHDSDischargeReport,medicationSummary,EHDSDischargeReport.body.medicationSummary,,SHALL:process,SHALL:able-to-populate
EHDSDischargeReport,generatedNarrative,EHDSDischargeReport.body.medicationSummary.generatedNarrative,,SHALL:process,SHOULD:able-to-populate
EHDSDischargeReport,medicationUse,EHDSDischargeReport.body.medicationSummary.medicationUse,,SHALL:process,SHALL:able-to-populate
EHDSDischargeReport,note,EHDSDischargeReport.body.medicationSummary.note,,SHALL:process,SHOULD:able-to-populate
EHDSDischargeReport,carePlan,EHDSDischargeReport.body.carePlan,,SHALL:process,SHOULD:able-to-populate
EHDSDischargeReport,generatedNarrative,EHDSDischargeReport.body.carePlan.generatedNarrative,,SHALL:process,SHOULD:able-to-populate
EHDSDischargeReport,carePlan,EHDSDischargeReport.body.carePlan.carePlan,,,
EHDSDischargeReport,otherRecommendations,EHDSDischargeReport.body.carePlan.otherRecommendations,,SHALL:process,SHOULD:able-to-populate
EHDSDischargeReport,synthesis,EHDSDischargeReport.body.synthesis,,SHALL:process,SHOULD:able-to-populate
EHDSDischargeReport,attachments,EHDSDischargeReport.attachments,,,
EHDSDocument,header,EHDSDocument.header,,,
EHDSDocument,subject,EHDSDocument.header.subject,,,
EHDSDocument,identifier,EHDSDocument.header.identifier,,,
EHDSDocument,author[x],EHDSDocument.header.author[x],,,
EHDSDocument,date,EHDSDocument.header.date,,,
EHDSDocument,status,EHDSDocument.header.status,,,
EHDSDocument,source,EHDSDocument.header.source,,,
EHDSDocument,language,EHDSDocument.header.language,,,
EHDSDocument,documentType,EHDSDocument.header.documentType,,,
EHDSDocument,documentTitle,EHDSDocument.header.documentTitle,,,
EHDSDocument,period,EHDSDocument.header.period,,,
EHDSDocument,version,EHDSDocument.header.version,,,
EHDSDocument,attestation,EHDSDocument.header.attestation,,,
EHDSDocument,attester[x],EHDSDocument.header.attestation.attester[x],,,
EHDSDocument,datetime,EHDSDocument.header.attestation.datetime,,,
EHDSDocument,legalAuthentication,EHDSDocument.header.legalAuthentication,,,
EHDSDocument,legalAuthenticator[x],EHDSDocument.header.legalAuthentication.legalAuthenticator[x],,,
EHDSDocument,datetime,EHDSDocument.header.legalAuthentication.datetime,,,
EHDSDocument,eventType,EHDSDocument.header.eventType,,,
EHDSDocument,serviceSpecialty,EHDSDocument.header.serviceSpecialty,,,
EHDSDocument,custodian,EHDSDocument.header.custodian,,,
EHDSDocument,presentedForm,EHDSDocument.presentedForm,,,
EHDSDosage,renderedDosageInstruction,EHDSDosage.renderedDosageInstruction,,,SHOULD:able-to-populate
EHDSDosage,dosageDetails,EHDSDosage.dosageDetails,,,
EHDSDosage,sequence,EHDSDosage.dosageDetails.sequence,,,
EHDSDosage,note,EHDSDosage.dosageDetails.note,,,SHOULD:able-to-populate
EHDSDosage,doseAndRate,EHDSDosage.dosageDetails.doseAndRate,,,
EHDSDosage,dose[x],EHDSDosage.dosageDetails.doseAndRate.dose[x],,,SHALL:able-to-populate
EHDSDosage,rate[x],EHDSDosage.dosageDetails.doseAndRate.rate[x],,,
EHDSDosage,repeat,EHDSDosage.dosageDetails.repeat,,,SHALL:able-to-populate
EHDSDosage,bounds[x],EHDSDosage.dosageDetails.repeat.bounds[x],,,SHALL:able-to-populate
EHDSDosage,duration,EHDSDosage.dosageDetails.repeat.duration,,,
EHDSDosage,frequency,EHDSDosage.dosageDetails.repeat.frequency,,,SHALL:able-to-populate
EHDSDosage,numberOfTimes,EHDSDosage.dosageDetails.repeat.frequency.numberOfTimes,,,SHALL:able-to-populate
EHDSDosage,period,EHDSDosage.dosageDetails.repeat.frequency.period,,,SHALL:able-to-populate
EHDSDosage,dayOfWeek,EHDSDosage.dosageDetails.repeat.dayOfWeek,,,
EHDSDosage,timeOfDay,EHDSDosage.dosageDetails.repeat.timeOfDay,,,
EHDSDosage,eventTime,EHDSDosage.dosageDetails.repeat.eventTime,,,
EHDSDosage,asNeeded,EHDSDosage.dosageDetails.asNeeded,,,
EHDSDosage,bodySite,EHDSDosage.dosageDetails.bodySite,,,
EHDSDosage,routeOfAdministration,EHDSDosage.dosageDetails.routeOfAdministration,,,SHOULD:able-to-populate
EHDSEncounter,header,EHDSEncounter.header,,,
EHDSEncounter,subject,EHDSEncounter.header.subject,,,
EHDSEncounter,identifier,EHDSEncounter.header.identifier,,,
EHDSEncounter,author[x],EHDSEncounter.header.author[x],,,
EHDSEncounter,date,EHDSEncounter.header.date,,,
EHDSEncounter,status,EHDSEncounter.header.status,,,
EHDSEncounter,source,EHDSEncounter.header.source,,,
EHDSEncounter,language,EHDSEncounter.header.language,,,
EHDSEncounter,priority,EHDSEncounter.priority,,,
EHDSEncounter,type,EHDSEncounter.type,,,
EHDSEncounter,period,EHDSEncounter.period,,,
EHDSEncounter,serviceProvider,EHDSEncounter.serviceProvider,,,
EHDSEncounter,referringProfessional,EHDSEncounter.referringProfessional,,,
EHDSEncounter,basedOn[x],EHDSEncounter.basedOn[x],,,
EHDSEncounter,reason[x],EHDSEncounter.reason[x],,,
EHDSEncounter,admission,EHDSEncounter.admission,,,
EHDSEncounter,admitter,EHDSEncounter.admission.admitter,,,
EHDSEncounter,admitSource,EHDSEncounter.admission.admitSource,,,
EHDSEncounter,dischargeDiagnosis[x],EHDSEncounter.dischargeDiagnosis[x],,,
EHDSEncounter,dischargeDestination,EHDSEncounter.dischargeDestination,,,
EHDSEncounter,type,EHDSEncounter.dischargeDestination.type,,,
EHDSEncounter,location[x],EHDSEncounter.dischargeDestination.location[x],,,
EHDSEncounter,serviceLocation,EHDSEncounter.serviceLocation,,,
EHDSEncounter,period,EHDSEncounter.serviceLocation.period,,,
EHDSEncounter,organisationPart[x],EHDSEncounter.serviceLocation.organisationPart[x],,,
EHDSEncounter,subEncounter,EHDSEncounter.subEncounter,,,
EHDSEncounter,note,EHDSEncounter.note,,,
EHDSEndpoint,identifier,EHDSEndpoint.identifier,,,
EHDSEndpoint,status,EHDSEndpoint.status,,,
EHDSEndpoint,connectionType,EHDSEndpoint.connectionType,,,
EHDSEndpoint,name,EHDSEndpoint.name,,,
EHDSEndpoint,managingOrganisation,EHDSEndpoint.managingOrganisation,,,
EHDSEndpoint,payload,EHDSEndpoint.payload,,,
EHDSEndpoint,type,EHDSEndpoint.payload.type,,,
EHDSEndpoint,mimeType,EHDSEndpoint.payload.mimeType,,,
EHDSEndpoint,profileCanonical,EHDSEndpoint.payload.profileCanonical,,,
EHDSEndpoint,profileUri,EHDSEndpoint.payload.profileUri,,,
EHDSEndpoint,address,EHDSEndpoint.address,,,
EHDSEndpoint,header,EHDSEndpoint.header,,,
EHDSHealthProfessional,identifier,EHDSHealthProfessional.identifier,,,SHALL:able-to-populate
EHDSHealthProfessional,name,EHDSHealthProfessional.name,,,SHALL:able-to-populate
EHDSHealthProfessional,address,EHDSHealthProfessional.address,,,
EHDSHealthProfessional,telecom,EHDSHealthProfessional.telecom,,,
EHDSHealthProfessional,professionalRole,EHDSHealthProfessional.professionalRole,,,SHOULD:able-to-populate
EHDSHealthProfessional,role,EHDSHealthProfessional.professionalRole.role,,,SHOULD:able-to-populate
EHDSHealthProfessional,organisation,EHDSHealthProfessional.professionalRole.organisation,,,SHALL:able-to-populate
EHDSHealthProfessional,specialty,EHDSHealthProfessional.professionalRole.specialty,,,SHOULD:able-to-populate
EHDSHumanName,use,EHDSHumanName.use,,,
EHDSHumanName,text,EHDSHumanName.text,,,
EHDSHumanName,family,EHDSHumanName.family,,,
EHDSHumanName,given,EHDSHumanName.given,,,
EHDSHumanName,prefix,EHDSHumanName.prefix,,,
EHDSHumanName,suffix,EHDSHumanName.suffix,,,
EHDSImagingReport,header,EHDSImagingReport.header,,SHALL:process,SHALL:able-to-populate
EHDSImagingReport,subject,EHDSImagingReport.header.subject,,SHALL:process,SHALL:able-to-populate
EHDSImagingReport,identifier,EHDSImagingReport.header.identifier,,SHALL:process,SHALL:able-to-populate
EHDSImagingReport,author[x],EHDSImagingReport.header.author[x],,SHOULD:process,SHALL:able-to-populate
EHDSImagingReport,date,EHDSImagingReport.header.date,,SHALL:process,SHALL:able-to-populate
EHDSImagingReport,status,EHDSImagingReport.header.status,,SHALL:process,SHALL:able-to-populate
EHDSImagingReport,source,EHDSImagingReport.header.source,,,
EHDSImagingReport,language,EHDSImagingReport.header.language,,,SHALL:able-to-populate
EHDSImagingReport,documentType,EHDSImagingReport.header.documentType,,,SHALL:able-to-populate
EHDSImagingReport,documentTitle,EHDSImagingReport.header.documentTitle,,,SHALL:able-to-populate
EHDSImagingReport,period,EHDSImagingReport.header.period,,,SHOULD:able-to-populate
EHDSImagingReport,version,EHDSImagingReport.header.version,,,
EHDSImagingReport,attestation,EHDSImagingReport.header.attestation,,,SHALL:able-to-populate
EHDSImagingReport,attester[x],EHDSImagingReport.header.attestation.attester[x],,SHOULD:process,SHALL:able-to-populate
EHDSImagingReport,datetime,EHDSImagingReport.header.attestation.datetime,,,SHALL:able-to-populate
EHDSImagingReport,legalAuthentication,EHDSImagingReport.header.legalAuthentication,,,SHALL:able-to-populate
EHDSImagingReport,legalAuthenticator[x],EHDSImagingReport.header.legalAuthentication.legalAuthenticator[x],,SHOULD:process,SHALL:able-to-populate
EHDSImagingReport,datetime,EHDSImagingReport.header.legalAuthentication.datetime,,,SHALL:able-to-populate
EHDSImagingReport,eventType,EHDSImagingReport.header.eventType,,SHOULD:process,SHOULD:able-to-populate
EHDSImagingReport,serviceSpecialty,EHDSImagingReport.header.serviceSpecialty,,SHOULD:process,
EHDSImagingReport,custodian,EHDSImagingReport.header.custodian,,SHOULD:process,SHOULD:able-to-populate
EHDSImagingReport,accessionNumber,EHDSImagingReport.header.accessionNumber,,SHOULD:process,SHALL:able-to-populate
EHDSImagingReport,intendedRecipient[x],EHDSImagingReport.header.intendedRecipient[x],,,SHOULD:able-to-populate
EHDSImagingReport,presentedForm,EHDSImagingReport.presentedForm,,SHOULD:process,SHOULD:able-to-populate
EHDSImagingReport,body,EHDSImagingReport.body,,SHOULD:process,SHALL:able-to-populate
EHDSImagingReport,orderInformation,EHDSImagingReport.body.orderInformation,,SHOULD:process,SHOULD:able-to-populate
EHDSImagingReport,orderId,EHDSImagingReport.body.orderInformation.orderId,,SHALL:process,SHALL:able-to-populate
EHDSImagingReport,orderDateAndTime,EHDSImagingReport.body.orderInformation.orderDateAndTime,,,
EHDSImagingReport,orderPlacer[x],EHDSImagingReport.body.orderInformation.orderPlacer[x],,,
EHDSImagingReport,orderReason[x],EHDSImagingReport.body.orderInformation.orderReason[x],,SHOULD:process,SHOULD:able-to-populate
EHDSImagingReport,clinicalQuestion,EHDSImagingReport.body.orderInformation.clinicalQuestion,,SHOULD:process,SHALL:able-to-populate
EHDSImagingReport,supportingInformation,EHDSImagingReport.body.supportingInformation,,SHOULD:process,SHOULD:able-to-populate
EHDSImagingReport,observation,EHDSImagingReport.body.supportingInformation.observation,,,SHOULD:able-to-populate
EHDSImagingReport,condition,EHDSImagingReport.body.supportingInformation.condition,,,SHOULD:able-to-populate
EHDSImagingReport,priorMedicationAdministration,EHDSImagingReport.body.supportingInformation.priorMedicationAdministration,,,SHOULD:able-to-populate
EHDSImagingReport,device,EHDSImagingReport.body.supportingInformation.device,,,SHOULD:able-to-populate
EHDSImagingReport,pregnancyStatus,EHDSImagingReport.body.supportingInformation.pregnancyStatus,,,SHOULD:able-to-populate
EHDSImagingReport,sexForClinicalUse,EHDSImagingReport.body.supportingInformation.sexForClinicalUse,,,SHOULD:able-to-populate
EHDSImagingReport,specimen,EHDSImagingReport.body.specimen,,SHOULD:process,SHOULD:able-to-populate
EHDSImagingReport,exposureInformation,EHDSImagingReport.body.exposureInformation,,,SHOULD:able-to-populate
EHDSImagingReport,examinationReport,EHDSImagingReport.body.examinationReport,,SHOULD:process,SHALL:able-to-populate
EHDSImagingReport,modality,EHDSImagingReport.body.examinationReport.modality,,SHOULD:process,SHALL:able-to-populate
EHDSImagingReport,bodySite,EHDSImagingReport.body.examinationReport.bodySite,,SHOULD:process,SHALL:able-to-populate
EHDSImagingReport,imagingProcedures,EHDSImagingReport.body.examinationReport.imagingProcedures,,SHOULD:process,SHALL:able-to-populate
EHDSImagingReport,medicationAdministration,EHDSImagingReport.body.examinationReport.medicationAdministration,,SHOULD:process,SHALL:able-to-populate
EHDSImagingReport,adverseReaction,EHDSImagingReport.body.examinationReport.adverseReaction,,SHOULD:process,SHALL:able-to-populate
EHDSImagingReport,results[x],EHDSImagingReport.body.examinationReport.results[x],,SHOULD:process,SHALL:able-to-populate
EHDSImagingReport,conclusion,EHDSImagingReport.body.examinationReport.conclusion,,SHOULD:process,SHALL:able-to-populate
EHDSImagingReport,impression,EHDSImagingReport.body.examinationReport.conclusion.impression,,SHOULD:process,SHALL:able-to-populate
EHDSImagingReport,conditionOrFinding[x],EHDSImagingReport.body.examinationReport.conclusion.conditionOrFinding[x],,SHOULD:process,SHALL:able-to-populate
EHDSImagingReport,recommendation,EHDSImagingReport.body.recommendation,,SHOULD:process,SHOULD:able-to-populate
EHDSImagingReport,description,EHDSImagingReport.body.recommendation.description,,SHOULD:process,SHALL:able-to-populate
EHDSImagingReport,carePlan,EHDSImagingReport.body.recommendation.carePlan,,SHOULD:process,SHOULD:able-to-populate
EHDSImagingReport,comparisonStudy,EHDSImagingReport.body.comparisonStudy,,SHOULD:process,SHALL:able-to-populate
EHDSImagingReport,dicomStudyMetadata,EHDSImagingReport.dicomStudyMetadata,,SHOULD:process,SHALL:able-to-populate
EHDSImagingReport,attachments,EHDSImagingReport.attachments,,SHOULD:process,SHOULD:able-to-populate
EHDSImagingStudy,header,EHDSImagingStudy.header,,SHOULD:process,SHALL:able-to-populate
EHDSImagingStudy,subject,EHDSImagingStudy.header.subject,,SHOULD:process,SHALL:able-to-populate
EHDSImagingStudy,identifier,EHDSImagingStudy.header.identifier,,SHOULD:process,SHALL:able-to-populate
EHDSImagingStudy,author[x],EHDSImagingStudy.header.author[x],,SHOULD:process,SHALL:able-to-populate
EHDSImagingStudy,date,EHDSImagingStudy.header.date,,SHOULD:process,SHALL:able-to-populate
EHDSImagingStudy,status,EHDSImagingStudy.header.status,,,SHALL:able-to-populate
EHDSImagingStudy,source,EHDSImagingStudy.header.source,,,
EHDSImagingStudy,language,EHDSImagingStudy.header.language,,,SHOULD:able-to-populate
EHDSImagingStudy,modality,EHDSImagingStudy.modality,,SHOULD:process,SHALL:able-to-populate
EHDSImagingStudy,bodySite,EHDSImagingStudy.bodySite,,SHOULD:process,SHALL:able-to-populate
EHDSImagingStudy,encounter,EHDSImagingStudy.encounter,,SHOULD:process,SHOULD:able-to-populate
EHDSImagingStudy,started,EHDSImagingStudy.started,,SHOULD:process,SHALL:able-to-populate
EHDSImagingStudy,basedOn,EHDSImagingStudy.basedOn,,SHOULD:process,SHOULD:able-to-populate
EHDSImagingStudy,numberOfSeries,EHDSImagingStudy.numberOfSeries,,SHOULD:process,SHALL:able-to-populate
EHDSImagingStudy,numberOfInstances,EHDSImagingStudy.numberOfInstances,,SHOULD:process,SHALL:able-to-populate
EHDSImagingStudy,description,EHDSImagingStudy.description,,SHOULD:process,SHALL:able-to-populate
EHDSImagingStudy,studyCustodian,EHDSImagingStudy.studyCustodian,,SHOULD:process,SHALL:able-to-populate
EHDSImagingStudy,studyEndpoint,EHDSImagingStudy.studyEndpoint,,SHALL:process,SHALL:able-to-populate
EHDSImagingStudy,series,EHDSImagingStudy.series,,SHOULD:process,SHALL:able-to-populate
EHDSImagingStudy,seriesUid,EHDSImagingStudy.series.seriesUid,,SHOULD:process,SHALL:able-to-populate
EHDSImagingStudy,number,EHDSImagingStudy.series.number,,SHOULD:process,SHOULD:able-to-populate
EHDSImagingStudy,seriesModality,EHDSImagingStudy.series.seriesModality,,SHOULD:process,SHALL:able-to-populate
EHDSImagingStudy,description,EHDSImagingStudy.series.description,,SHOULD:process,SHALL:able-to-populate
EHDSImagingStudy,numberOfInstances,EHDSImagingStudy.series.numberOfInstances,,SHOULD:process,SHALL:able-to-populate
EHDSImagingStudy,seriesEndpoint,EHDSImagingStudy.series.seriesEndpoint,,SHALL:process,SHALL:able-to-populate
EHDSImagingStudy,bodySite,EHDSImagingStudy.series.bodySite,,SHOULD:process,SHALL:able-to-populate
EHDSImagingStudy,specimen,EHDSImagingStudy.series.specimen,,,
EHDSImagingStudy,started,EHDSImagingStudy.series.started,,SHOULD:process,SHALL:able-to-populate
EHDSImagingStudy,instancesInTheSeries,EHDSImagingStudy.series.instancesInTheSeries,,SHOULD:process,SHALL:able-to-populate
EHDSImagingStudy,instanceTitle,EHDSImagingStudy.series.instancesInTheSeries.instanceTitle,,SHOULD:process,SHALL:able-to-populate
EHDSImagingStudy,instanceUid,EHDSImagingStudy.series.instancesInTheSeries.instanceUid,,SHOULD:process,SHALL:able-to-populate
EHDSImagingStudy,sopClass,EHDSImagingStudy.series.instancesInTheSeries.sopClass,,SHOULD:process,SHALL:able-to-populate
EHDSImagingStudy,instanceNumber,EHDSImagingStudy.series.instancesInTheSeries.instanceNumber,,SHOULD:process,SHALL:able-to-populate
EHDSImagingStudy,numberOfFrames,EHDSImagingStudy.series.instancesInTheSeries.numberOfFrames,,,SHOULD:able-to-populate
EHDSImagingStudy,keyImage,EHDSImagingStudy.series.instancesInTheSeries.keyImage,,,SHOULD:able-to-populate
EHDSImagingStudy,flag,EHDSImagingStudy.series.instancesInTheSeries.keyImage.flag,,,SHOULD:able-to-populate
EHDSImagingStudy,reason,EHDSImagingStudy.series.instancesInTheSeries.keyImage.reason,,,SHOULD:able-to-populate
EHDSImagingStudy,seriesUID,EHDSImagingStudy.series.instancesInTheSeries.keyImage.seriesUID,,,SHALL:able-to-populate
EHDSImagingStudy,instanceUID,EHDSImagingStudy.series.instancesInTheSeries.keyImage.instanceUID,,,SHALL:able-to-populate
EHDSImmunisation,header,EHDSImmunisation.header,,,
EHDSImmunisation,subject,EHDSImmunisation.header.subject,,,SHALL:able-to-populate
EHDSImmunisation,identifier,EHDSImmunisation.header.identifier,,,SHOULD:able-to-populate
EHDSImmunisation,author[x],EHDSImmunisation.header.author[x],,,
EHDSImmunisation,date,EHDSImmunisation.header.date,,,
EHDSImmunisation,status,EHDSImmunisation.header.status,,,SHALL:able-to-populate
EHDSImmunisation,source,EHDSImmunisation.header.source,,,
EHDSImmunisation,language,EHDSImmunisation.header.language,,,
EHDSImmunisation,diseaseOrAgentTargeted,EHDSImmunisation.diseaseOrAgentTargeted,,,
EHDSImmunisation,vaccine,EHDSImmunisation.vaccine,,,SHALL:able-to-populate
EHDSImmunisation,administeredProduct,EHDSImmunisation.administeredProduct,,,SHOULD:able-to-populate
EHDSImmunisation,administrationTime,EHDSImmunisation.administrationTime,,,SHALL:able-to-populate
EHDSImmunisation,administeringCentre,EHDSImmunisation.administeringCentre,,,
EHDSImmunisation,administrator,EHDSImmunisation.administrator,,,
EHDSImmunisation,note,EHDSImmunisation.note,,,
EHDSLaboratoryObservation,header,EHDSLaboratoryObservation.header,,,
EHDSLaboratoryObservation,subject,EHDSLaboratoryObservation.header.subject,,SHALL:process,SHALL:able-to-populate
EHDSLaboratoryObservation,identifier,EHDSLaboratoryObservation.header.identifier,,SHALL:process,SHALL:able-to-populate
EHDSLaboratoryObservation,author[x],EHDSLaboratoryObservation.header.author[x],,SHOULD:display,SHALL:able-to-populate
EHDSLaboratoryObservation,date,EHDSLaboratoryObservation.header.date,,,
EHDSLaboratoryObservation,status,EHDSLaboratoryObservation.header.status,,SHALL:display,SHALL:able-to-populate
EHDSLaboratoryObservation,source,EHDSLaboratoryObservation.header.source,,,
EHDSLaboratoryObservation,language,EHDSLaboratoryObservation.header.language,,,
EHDSLaboratoryObservation,directSubject[x],EHDSLaboratoryObservation.header.directSubject[x],,SHALL:display,SHALL:able-to-populate
EHDSLaboratoryObservation,observationDate[x],EHDSLaboratoryObservation.observationDate[x],,SHALL:display,SHALL:able-to-populate
EHDSLaboratoryObservation,type,EHDSLaboratoryObservation.type,,SHALL:process,SHALL:able-to-populate
EHDSLaboratoryObservation,originalName,EHDSLaboratoryObservation.originalName,,SHOULD:display,SHOULD:able-to-populate
EHDSLaboratoryObservation,method,EHDSLaboratoryObservation.method,,SHALL:process,SHALL:able-to-populate
EHDSLaboratoryObservation,specimen,EHDSLaboratoryObservation.specimen,,SHOULD:display,SHALL:able-to-populate
EHDSLaboratoryObservation,order,EHDSLaboratoryObservation.order,,,SHALL:able-to-populate
EHDSLaboratoryObservation,performer[x],EHDSLaboratoryObservation.performer[x],,,SHOULD:able-to-populate
EHDSLaboratoryObservation,bodySite,EHDSLaboratoryObservation.bodySite,,,
EHDSLaboratoryObservation,result,EHDSLaboratoryObservation.result,,SHALL:display,SHALL:able-to-populate
EHDSLaboratoryObservation,value[x],EHDSLaboratoryObservation.result.value[x],,SHALL:display,SHALL:able-to-populate
EHDSLaboratoryObservation,uncertainty,EHDSLaboratoryObservation.result.uncertainty,,SHOULD:display,SHOULD:able-to-populate
EHDSLaboratoryObservation,value,EHDSLaboratoryObservation.result.uncertainty.value,,,
EHDSLaboratoryObservation,type,EHDSLaboratoryObservation.result.uncertainty.type,,,
EHDSLaboratoryObservation,dataAbsentReason,EHDSLaboratoryObservation.result.dataAbsentReason,,SHALL:display,SHALL:able-to-populate
EHDSLaboratoryObservation,referenceRange,EHDSLaboratoryObservation.referenceRange,,SHALL:display,SHALL:able-to-populate
EHDSLaboratoryObservation,low,EHDSLaboratoryObservation.referenceRange.low,,SHALL:display,SHALL:able-to-populate
EHDSLaboratoryObservation,high,EHDSLaboratoryObservation.referenceRange.high,,SHALL:display,SHALL:able-to-populate
EHDSLaboratoryObservation,normalValue,EHDSLaboratoryObservation.referenceRange.normalValue,,SHALL:display,SHOULD:able-to-populate
EHDSLaboratoryObservation,type,EHDSLaboratoryObservation.referenceRange.type,,SHALL:display,SHALL:able-to-populate
EHDSLaboratoryObservation,appliesTo,EHDSLaboratoryObservation.referenceRange.appliesTo,,,SHALL:able-to-populate
EHDSLaboratoryObservation,age,EHDSLaboratoryObservation.referenceRange.age,,,SHALL:able-to-populate
EHDSLaboratoryObservation,text,EHDSLaboratoryObservation.referenceRange.text,,SHALL:display,SHOULD:able-to-populate
EHDSLaboratoryObservation,interpretation,EHDSLaboratoryObservation.interpretation,,SHALL:display,SHALL:able-to-populate
EHDSLaboratoryObservation,note,EHDSLaboratoryObservation.note,,SHALL:display,SHALL:able-to-populate
EHDSLaboratoryObservation,component,EHDSLaboratoryObservation.component,,SHALL:display,SHOULD:able-to-populate
EHDSLaboratoryObservation,type,EHDSLaboratoryObservation.component.type,,SHALL:process,SHALL:able-to-populate
EHDSLaboratoryObservation,originalName,EHDSLaboratoryObservation.component.originalName,,SHOULD:display,SHOULD:able-to-populate
EHDSLaboratoryObservation,result,EHDSLaboratoryObservation.component.result,,SHALL:display,SHALL:able-to-populate
EHDSLaboratoryObservation,value[x],EHDSLaboratoryObservation.component.result.value[x],,SHALL:display,SHALL:able-to-populate
EHDSLaboratoryObservation,uncertainty,EHDSLaboratoryObservation.component.result.uncertainty,,SHOULD:display,SHOULD:able-to-populate
EHDSLaboratoryObservation,value,EHDSLaboratoryObservation.component.result.uncertainty.value,,,
EHDSLaboratoryObservation,type,EHDSLaboratoryObservation.component.result.uncertainty.type,,,
EHDSLaboratoryObservation,dataAbsentReason,EHDSLaboratoryObservation.component.result.dataAbsentReason,,SHALL:display,SHALL:able-to-populate
EHDSLaboratoryObservation,referenceRange,EHDSLaboratoryObservation.component.referenceRange,,SHALL:display,SHALL:able-to-populate
EHDSLaboratoryObservation,low,EHDSLaboratoryObservation.component.referenceRange.low,,SHALL:display,SHALL:able-to-populate
EHDSLaboratoryObservation,high,EHDSLaboratoryObservation.component.referenceRange.high,,SHALL:display,SHALL:able-to-populate
EHDSLaboratoryObservation,normalValue,EHDSLaboratoryObservation.component.referenceRange.normalValue,,SHALL:display,SHOULD:able-to-populate
EHDSLaboratoryObservation,type,EHDSLaboratoryObservation.component.referenceRange.type,,SHALL:display,SHALL:able-to-populate
EHDSLaboratoryObservation,appliesTo,EHDSLaboratoryObservation.component.referenceRange.appliesTo,,,SHALL:able-to-populate
EHDSLaboratoryObservation,age,EHDSLaboratoryObservation.component.referenceRange.age,,,SHALL:able-to-populate
EHDSLaboratoryObservation,text,EHDSLaboratoryObservation.component.referenceRange.text,,SHALL:display,SHOULD:able-to-populate
EHDSLaboratoryObservation,interpretation,EHDSLaboratoryObservation.component.interpretation,,SHALL:display,SHALL:able-to-populate
EHDSLaboratoryObservation,derivedFrom[x],EHDSLaboratoryObservation.derivedFrom[x],,,SHOULD:able-to-populate
EHDSLaboratoryObservation,hasMember[x],EHDSLaboratoryObservation.hasMember[x],,,SHOULD:able-to-populate
EHDSLaboratoryObservation,triggeredBy[x],EHDSLaboratoryObservation.triggeredBy[x],,,SHOULD:able-to-populate
EHDSLaboratoryObservation,testKit,EHDSLaboratoryObservation.testKit,,SHALL:process,SHALL:able-to-populate
EHDSLaboratoryObservation,calibrator,EHDSLaboratoryObservation.calibrator,,SHALL:process,SHALL:able-to-populate
EHDSLaboratoryObservation,accreditationStatus,EHDSLaboratoryObservation.accreditationStatus,,,
EHDSLaboratoryObservation,previousResults,EHDSLaboratoryObservation.previousResults,,,
EHDSLaboratoryObservation,pointOfCareTest,EHDSLaboratoryObservation.pointOfCareTest,,,
EHDSLaboratoryReport,header,EHDSLaboratoryReport.header,,SHALL:process,SHALL:able-to-populate
EHDSLaboratoryReport,subject,EHDSLaboratoryReport.header.subject,,SHALL:process,SHALL:able-to-populate
EHDSLaboratoryReport,identifier,EHDSLaboratoryReport.header.identifier,,SHALL:process,SHALL:able-to-populate
EHDSLaboratoryReport,author[x],EHDSLaboratoryReport.header.author[x],,SHALL:display,SHALL:able-to-populate
EHDSLaboratoryReport,date,EHDSLaboratoryReport.header.date,,SHALL:display,SHALL:able-to-populate
EHDSLaboratoryReport,status,EHDSLaboratoryReport.header.status,,SHALL:display,SHALL:able-to-populate
EHDSLaboratoryReport,source,EHDSLaboratoryReport.header.source,,,
EHDSLaboratoryReport,language,EHDSLaboratoryReport.header.language,,,SHALL:able-to-populate
EHDSLaboratoryReport,documentType,EHDSLaboratoryReport.header.documentType,,,SHALL:able-to-populate
EHDSLaboratoryReport,documentTitle,EHDSLaboratoryReport.header.documentTitle,,,SHALL:able-to-populate
EHDSLaboratoryReport,period,EHDSLaboratoryReport.header.period,,,SHALL:able-to-populate
EHDSLaboratoryReport,version,EHDSLaboratoryReport.header.version,,,
EHDSLaboratoryReport,attestation,EHDSLaboratoryReport.header.attestation,,SHALL:display,SHALL:able-to-populate
EHDSLaboratoryReport,attester[x],EHDSLaboratoryReport.header.attestation.attester[x],,SHALL:display,SHALL:able-to-populate
EHDSLaboratoryReport,datetime,EHDSLaboratoryReport.header.attestation.datetime,,,SHALL:able-to-populate
EHDSLaboratoryReport,legalAuthentication,EHDSLaboratoryReport.header.legalAuthentication,,,SHALL:able-to-populate
EHDSLaboratoryReport,legalAuthenticator[x],EHDSLaboratoryReport.header.legalAuthentication.legalAuthenticator[x],,,SHALL:able-to-populate
EHDSLaboratoryReport,datetime,EHDSLaboratoryReport.header.legalAuthentication.datetime,,,SHALL:able-to-populate
EHDSLaboratoryReport,eventType,EHDSLaboratoryReport.header.eventType,,,SHALL:able-to-populate
EHDSLaboratoryReport,serviceSpecialty,EHDSLaboratoryReport.header.serviceSpecialty,,SHOULD:display,SHALL:able-to-populate
EHDSLaboratoryReport,custodian,EHDSLaboratoryReport.header.custodian,,,SHALL:able-to-populate
EHDSLaboratoryReport,intendedRecipient[x],EHDSLaboratoryReport.header.intendedRecipient[x],,,
EHDSLaboratoryReport,presentedForm,EHDSLaboratoryReport.presentedForm,,SHALL:display,SHALL:able-to-populate
EHDSLaboratoryReport,body,EHDSLaboratoryReport.body,,SHALL:process,SHALL:able-to-populate
EHDSLaboratoryReport,orderInformation,EHDSLaboratoryReport.body.orderInformation,,SHALL:display,SHALL:able-to-populate
EHDSLaboratoryReport,orderId,EHDSLaboratoryReport.body.orderInformation.orderId,,SHOULD:process,SHALL:able-to-populate
EHDSLaboratoryReport,orderDateAndTime,EHDSLaboratoryReport.body.orderInformation.orderDateAndTime,,,
EHDSLaboratoryReport,orderPlacer[x],EHDSLaboratoryReport.body.orderInformation.orderPlacer[x],,SHOULD:display,SHALL:able-to-populate
EHDSLaboratoryReport,orderReason[x],EHDSLaboratoryReport.body.orderInformation.orderReason[x],,SHALL:display,SHALL:able-to-populate
EHDSLaboratoryReport,clinicalQuestion,EHDSLaboratoryReport.body.orderInformation.clinicalQuestion,,SHALL:display,SHALL:able-to-populate
EHDSLaboratoryReport,supportingInformation,EHDSLaboratoryReport.body.supportingInformation,,SHALL:display,SHOULD:able-to-populate
EHDSLaboratoryReport,observation,EHDSLaboratoryReport.body.supportingInformation.observation,,SHALL:display,SHOULD:able-to-populate
EHDSLaboratoryReport,condition,EHDSLaboratoryReport.body.supportingInformation.condition,,SHALL:display,SHALL:able-to-populate
EHDSLaboratoryReport,medicationAdministration,EHDSLaboratoryReport.body.supportingInformation.medicationAdministration,,SHALL:display,SHALL:able-to-populate
EHDSLaboratoryReport,sexForClinicalUse,EHDSLaboratoryReport.body.supportingInformation.sexForClinicalUse,,SHALL:display,SHALL:able-to-populate
EHDSLaboratoryReport,vaccination,EHDSLaboratoryReport.body.supportingInformation.vaccination,,SHALL:display,SHOULD:able-to-populate
EHDSLaboratoryReport,otherSupportingInformation,EHDSLaboratoryReport.body.supportingInformation.otherSupportingInformation,,SHOULD:display,SHOULD:able-to-populate
EHDSLaboratoryReport,specimen,EHDSLaboratoryReport.body.specimen,,SHALL:display,SHALL:able-to-populate
EHDSLaboratoryReport,serviceRequest,EHDSLaboratoryReport.body.serviceRequest,,SHOULD:display,SHALL:able-to-populate
EHDSLaboratoryReport,resultData,EHDSLaboratoryReport.body.resultData,,SHALL:display,SHALL:able-to-populate
EHDSLaboratoryReport,commentsInterpretationAndRecommendations,EHDSLaboratoryReport.body.resultData.commentsInterpretationAndRecommendations,,SHALL:display,SHALL:able-to-populate
EHDSLaboratoryReport,laboratoryTestResults,EHDSLaboratoryReport.body.resultData.laboratoryTestResults,,SHALL:display,SHALL:able-to-populate
EHDSLaboratoryReport,attachments,EHDSLaboratoryReport.attachments,,SHOULD:display,SHOULD:able-to-populate
EHDSLocation,identifier,EHDSLocation.identifier,,,
EHDSLocation,name,EHDSLocation.name,,,
EHDSLocation,description,EHDSLocation.description,,,
EHDSLocation,type,EHDSLocation.type,,,
EHDSLocation,address,EHDSLocation.address,,,
EHDSLocation,managingOrganisation,EHDSLocation.managingOrganisation,,,
EHDSLocation,partOf,EHDSLocation.partOf,,,
EHDSMedication,identifyingCode[x],EHDSMedication.identifyingCode[x],,,SHALL:able-to-populate
EHDSMedication,classification,EHDSMedication.classification,,,
EHDSMedication,productName,EHDSMedication.productName,,,SHOULD:able-to-populate
EHDSMedication,marketingAuthorisationHolder,EHDSMedication.marketingAuthorisationHolder,,,
EHDSMedication,organisationName,EHDSMedication.marketingAuthorisationHolder.organisationName,,,
EHDSMedication,organisationIdentifier,EHDSMedication.marketingAuthorisationHolder.organisationIdentifier,,,
EHDSMedication,doseForm,EHDSMedication.doseForm,,,SHOULD:able-to-populate
EHDSMedication,description,EHDSMedication.description,,,
EHDSMedication,item,EHDSMedication.item,,,SHOULD:able-to-populate
EHDSMedication,doseForm,EHDSMedication.item.doseForm,,,SHOULD:able-to-populate
EHDSMedication,ingredient,EHDSMedication.item.ingredient,,,
EHDSMedication,isActive,EHDSMedication.item.ingredient.isActive,,,
EHDSMedication,substance,EHDSMedication.item.ingredient.substance,,,SHALL:able-to-populate
EHDSMedication,strengthInfo,EHDSMedication.item.ingredient.strengthInfo,,,SHOULD:able-to-populate
EHDSMedication,strength,EHDSMedication.item.ingredient.strengthInfo.strength,,,SHALL:able-to-populate
EHDSMedication,basisOfStrengthSubstance,EHDSMedication.item.ingredient.strengthInfo.basisOfStrengthSubstance,,,
EHDSMedication,unitOfPresentation,EHDSMedication.item.unitOfPresentation,,,
EHDSMedication,containedQuantity,EHDSMedication.item.containedQuantity,,,
EHDSMedication,amount,EHDSMedication.item.amount,,,
EHDSMedication,packageType,EHDSMedication.item.packageType,,,
EHDSMedication,device,EHDSMedication.device,,,
EHDSMedication,deviceQuantity,EHDSMedication.device.deviceQuantity,,,
EHDSMedication,device[x],EHDSMedication.device.device[x],,,
EHDSMedication,characteristic,EHDSMedication.characteristic,,,
EHDSMedication,type,EHDSMedication.characteristic.type,,,
EHDSMedication,value[x],EHDSMedication.characteristic.value[x],,,
EHDSMedication,batch,EHDSMedication.batch,,,
EHDSMedication,lotNumber,EHDSMedication.batch.lotNumber,,,
EHDSMedication,expirationDate,EHDSMedication.batch.expirationDate,,,
EHDSMedicationAdministration,header,EHDSMedicationAdministration.header,,,
EHDSMedicationAdministration,subject,EHDSMedicationAdministration.header.subject,,,SHALL:able-to-populate
EHDSMedicationAdministration,identifier,EHDSMedicationAdministration.header.identifier,,,
EHDSMedicationAdministration,author[x],EHDSMedicationAdministration.header.author[x],,,
EHDSMedicationAdministration,date,EHDSMedicationAdministration.header.date,,,
EHDSMedicationAdministration,status,EHDSMedicationAdministration.header.status,,,SHALL:able-to-populate
EHDSMedicationAdministration,source,EHDSMedicationAdministration.header.source,,,
EHDSMedicationAdministration,language,EHDSMedicationAdministration.header.language,,,
EHDSMedicationAdministration,medication,EHDSMedicationAdministration.medication,,,SHALL:able-to-populate
EHDSMedicationAdministration,occurrence[x],EHDSMedicationAdministration.occurrence[x],,,SHALL:able-to-populate
EHDSMedicationAdministration,reason[x],EHDSMedicationAdministration.reason[x],,,
EHDSMedicationAdministration,dosage,EHDSMedicationAdministration.dosage,,,SHALL:able-to-populate
EHDSMedicationAdministration,note,EHDSMedicationAdministration.note,,,
EHDSMedicationDispense,header,EHDSMedicationDispense.header,,,
EHDSMedicationDispense,subject,EHDSMedicationDispense.header.subject,,SHALL:process,SHALL:able-to-populate
EHDSMedicationDispense,identifier,EHDSMedicationDispense.header.identifier,,,
EHDSMedicationDispense,author[x],EHDSMedicationDispense.header.author[x],,SHOULD:process,SHALL:able-to-populate
EHDSMedicationDispense,date,EHDSMedicationDispense.header.date,,SHOULD:process,SHALL:able-to-populate
EHDSMedicationDispense,status,EHDSMedicationDispense.header.status,,SHALL:process,SHALL:able-to-populate
EHDSMedicationDispense,source,EHDSMedicationDispense.header.source,,,
EHDSMedicationDispense,language,EHDSMedicationDispense.header.language,,,
EHDSMedicationDispense,dispenseLocation,EHDSMedicationDispense.dispenseLocation,,,
EHDSMedicationDispense,receiver[x],EHDSMedicationDispense.receiver[x],,,
EHDSMedicationDispense,relatedRequest,EHDSMedicationDispense.relatedRequest,,SHALL:process,SHALL:able-to-populate
EHDSMedicationDispense,medication,EHDSMedicationDispense.medication,,SHALL:process,SHALL:able-to-populate
EHDSMedicationDispense,dispensedQuantity,EHDSMedicationDispense.dispensedQuantity,,SHALL:process,SHALL:able-to-populate
EHDSMedicationDispense,timeOfDispensation,EHDSMedicationDispense.timeOfDispensation,,,
EHDSMedicationDispense,substitutionOccurred,EHDSMedicationDispense.substitutionOccurred,,,
EHDSMedicationDispense,dosageInstructions,EHDSMedicationDispense.dosageInstructions,,SHOULD:process,SHOULD:able-to-populate
EHDSMedicationDispense,note,EHDSMedicationDispense.note,,,
EHDSMedicationPrescription,header,EHDSMedicationPrescription.header,,,
EHDSMedicationPrescription,subject,EHDSMedicationPrescription.header.subject,,SHALL:process,SHALL:able-to-populate
EHDSMedicationPrescription,identifier,EHDSMedicationPrescription.header.identifier,,SHALL:process,SHALL:able-to-populate
EHDSMedicationPrescription,author[x],EHDSMedicationPrescription.header.author[x],,SHALL:process,SHALL:able-to-populate
EHDSMedicationPrescription,date,EHDSMedicationPrescription.header.date,,SHALL:process,SHALL:able-to-populate
EHDSMedicationPrescription,status,EHDSMedicationPrescription.header.status,,SHALL:process,SHALL:able-to-populate
EHDSMedicationPrescription,source,EHDSMedicationPrescription.header.source,,,
EHDSMedicationPrescription,language,EHDSMedicationPrescription.header.language,,,
EHDSMedicationPrescription,statusReason[x],EHDSMedicationPrescription.header.statusReason[x],,,
EHDSMedicationPrescription,presentedForm,EHDSMedicationPrescription.presentedForm,,SHOULD:display,SHOULD:able-to-populate
EHDSMedicationPrescription,prescriptionItem,EHDSMedicationPrescription.prescriptionItem,,SHALL:process,SHALL:able-to-populate
EHDSMedicationPrescription,identifier,EHDSMedicationPrescription.prescriptionItem.identifier,,SHALL:process,SHALL:able-to-populate
EHDSMedicationPrescription,status,EHDSMedicationPrescription.prescriptionItem.status,,SHALL:process,SHALL:able-to-populate
EHDSMedicationPrescription,statusReason[x],EHDSMedicationPrescription.prescriptionItem.statusReason[x],,,
EHDSMedicationPrescription,medication,EHDSMedicationPrescription.prescriptionItem.medication,,SHALL:process,SHALL:able-to-populate
EHDSMedicationPrescription,indication[x],EHDSMedicationPrescription.prescriptionItem.indication[x],,,
EHDSMedicationPrescription,intendedUseType,EHDSMedicationPrescription.prescriptionItem.intendedUseType,,,
EHDSMedicationPrescription,periodOfUse,EHDSMedicationPrescription.prescriptionItem.periodOfUse,,,
EHDSMedicationPrescription,quantityPrescribed,EHDSMedicationPrescription.prescriptionItem.quantityPrescribed,,SHOULD:process,SHOULD:able-to-populate
EHDSMedicationPrescription,dosageInstructions,EHDSMedicationPrescription.prescriptionItem.dosageInstructions,,SHALL:process,SHALL:able-to-populate
EHDSMedicationPrescription,validityPeriod,EHDSMedicationPrescription.prescriptionItem.validityPeriod,,SHOULD:process,SHOULD:able-to-populate
EHDSMedicationPrescription,substitution,EHDSMedicationPrescription.prescriptionItem.substitution,,SHOULD:process,SHOULD:able-to-populate
EHDSMedicationPrescription,allowed[x],EHDSMedicationPrescription.prescriptionItem.substitution.allowed[x],,SHALL:process,SHALL:able-to-populate
EHDSMedicationPrescription,reason[x],EHDSMedicationPrescription.prescriptionItem.substitution.reason[x],,,
EHDSMedicationPrescription,numberOfRepeats,EHDSMedicationPrescription.prescriptionItem.numberOfRepeats,,,
EHDSMedicationPrescription,minimumDispenseInterval,EHDSMedicationPrescription.prescriptionItem.minimumDispenseInterval,,,
EHDSMedicationPrescription,offLabel,EHDSMedicationPrescription.prescriptionItem.offLabel,,,
EHDSMedicationPrescription,isOffLabelUse,EHDSMedicationPrescription.prescriptionItem.offLabel.isOffLabelUse,,,
EHDSMedicationPrescription,reason[x],EHDSMedicationPrescription.prescriptionItem.offLabel.reason[x],,,
EHDSMedicationPrescription,note,EHDSMedicationPrescription.prescriptionItem.note,,SHOULD:display,SHOULD:able-to-populate
EHDSMedicationUse,header,EHDSMedicationUse.header,,,
EHDSMedicationUse,subject,EHDSMedicationUse.header.subject,,,SHALL:able-to-populate
EHDSMedicationUse,identifier,EHDSMedicationUse.header.identifier,,,
EHDSMedicationUse,author[x],EHDSMedicationUse.header.author[x],,,
EHDSMedicationUse,date,EHDSMedicationUse.header.date,,,
EHDSMedicationUse,status,EHDSMedicationUse.header.status,,,SHALL:able-to-populate
EHDSMedicationUse,source,EHDSMedicationUse.header.source,,,
EHDSMedicationUse,language,EHDSMedicationUse.header.language,,,
EHDSMedicationUse,treatmentStatus,EHDSMedicationUse.treatmentStatus,,,
EHDSMedicationUse,changeType,EHDSMedicationUse.changeType,,,
EHDSMedicationUse,medication,EHDSMedicationUse.medication,,,SHALL:able-to-populate
EHDSMedicationUse,reason[x],EHDSMedicationUse.reason[x],,,SHOULD:able-to-populate
EHDSMedicationUse,dosageInstructions,EHDSMedicationUse.dosageInstructions,,,SHALL:able-to-populate
EHDSMedicationUse,periodOfUse,EHDSMedicationUse.periodOfUse,,,SHALL:able-to-populate
EHDSMedicationUse,derivedFrom[x],EHDSMedicationUse.derivedFrom[x],,,
EHDSMedicationUse,note,EHDSMedicationUse.note,,,SHOULD:able-to-populate
EHDSObservation,header,EHDSObservation.header,,,
EHDSObservation,subject,EHDSObservation.header.subject,,SHALL:process,SHALL:able-to-populate
EHDSObservation,identifier,EHDSObservation.header.identifier,,SHALL:process,SHALL:able-to-populate
EHDSObservation,author[x],EHDSObservation.header.author[x],,SHOULD:display,SHOULD:able-to-populate
EHDSObservation,date,EHDSObservation.header.date,,,
EHDSObservation,status,EHDSObservation.header.status,,SHALL:display,SHALL:able-to-populate
EHDSObservation,source,EHDSObservation.header.source,,,
EHDSObservation,language,EHDSObservation.header.language,,,
EHDSObservation,directSubject[x],EHDSObservation.header.directSubject[x],,SHALL:display,SHALL:able-to-populate
EHDSObservation,observationDate[x],EHDSObservation.observationDate[x],,SHALL:display,SHALL:able-to-populate
EHDSObservation,type,EHDSObservation.type,,SHALL:process,SHALL:able-to-populate
EHDSObservation,originalName,EHDSObservation.originalName,,SHOULD:display,SHOULD:able-to-populate
EHDSObservation,method,EHDSObservation.method,,,
EHDSObservation,specimen,EHDSObservation.specimen,,,
EHDSObservation,order,EHDSObservation.order,,,
EHDSObservation,performer[x],EHDSObservation.performer[x],,,SHOULD:able-to-populate
EHDSObservation,bodySite,EHDSObservation.bodySite,,,
EHDSObservation,result,EHDSObservation.result,,SHALL:display,SHALL:able-to-populate
EHDSObservation,value[x],EHDSObservation.result.value[x],,SHALL:display,SHALL:able-to-populate
EHDSObservation,uncertainty,EHDSObservation.result.uncertainty,,SHOULD:display,SHOULD:able-to-populate
EHDSObservation,value,EHDSObservation.result.uncertainty.value,,,
EHDSObservation,type,EHDSObservation.result.uncertainty.type,,,
EHDSObservation,dataAbsentReason,EHDSObservation.result.dataAbsentReason,,SHALL:display,SHALL:able-to-populate
EHDSObservation,referenceRange,EHDSObservation.referenceRange,,SHALL:display,SHOULD:able-to-populate
EHDSObservation,low,EHDSObservation.referenceRange.low,,,
EHDSObservation,high,EHDSObservation.referenceRange.high,,,
EHDSObservation,normalValue,EHDSObservation.referenceRange.normalValue,,,
EHDSObservation,type,EHDSObservation.referenceRange.type,,,
EHDSObservation,appliesTo,EHDSObservation.referenceRange.appliesTo,,,
EHDSObservation,age,EHDSObservation.referenceRange.age,,,
EHDSObservation,text,EHDSObservation.referenceRange.text,,,
EHDSObservation,interpretation,EHDSObservation.interpretation,,,
EHDSObservation,note,EHDSObservation.note,,,
EHDSObservation,component,EHDSObservation.component,,,
EHDSObservation,type,EHDSObservation.component.type,,SHALL:process,SHALL:able-to-populate
EHDSObservation,originalName,EHDSObservation.component.originalName,,SHOULD:display,SHOULD:able-to-populate
EHDSObservation,result,EHDSObservation.component.result,,SHALL:display,SHALL:able-to-populate
EHDSObservation,value[x],EHDSObservation.component.result.value[x],,,SHALL:able-to-populate
EHDSObservation,uncertainty,EHDSObservation.component.result.uncertainty,,SHOULD:display,SHOULD:able-to-populate
EHDSObservation,value,EHDSObservation.component.result.uncertainty.value,,,
EHDSObservation,type,EHDSObservation.component.result.uncertainty.type,,,
EHDSObservation,dataAbsentReason,EHDSObservation.component.result.dataAbsentReason,,SHALL:display,SHALL:able-to-populate
EHDSObservation,referenceRange,EHDSObservation.component.referenceRange,,SHALL:display,SHOULD:able-to-populate
EHDSObservation,low,EHDSObservation.component.referenceRange.low,,,
EHDSObservation,high,EHDSObservation.component.referenceRange.high,,,
EHDSObservation,normalValue,EHDSObservation.component.referenceRange.normalValue,,,
EHDSObservation,type,EHDSObservation.component.referenceRange.type,,,
EHDSObservation,appliesTo,EHDSObservation.component.referenceRange.appliesTo,,,
EHDSObservation,age,EHDSObservation.component.referenceRange.age,,,
EHDSObservation,text,EHDSObservation.component.referenceRange.text,,,
EHDSObservation,interpretation,EHDSObservation.component.interpretation,,,
EHDSObservation,derivedFrom[x],EHDSObservation.derivedFrom[x],,,
EHDSObservation,hasMember[x],EHDSObservation.hasMember[x],,,
EHDSOrganisation,identifier,EHDSOrganisation.identifier,,,SHALL:able-to-populate
EHDSOrganisation,type,EHDSOrganisation.type,,,
EHDSOrganisation,name,EHDSOrganisation.name,,,SHALL:able-to-populate
EHDSOrganisation,address,EHDSOrganisation.address,,,
EHDSOrganisation,telecom,EHDSOrganisation.telecom,,,SHOULD:able-to-populate
EHDSOrganisation,partOf,EHDSOrganisation.partOf,,,
EHDSPatient,identifier,EHDSPatient.identifier,,,SHALL:able-to-populate
EHDSPatient,name,EHDSPatient.name,,,SHALL:able-to-populate
EHDSPatient,dateOfBirth,EHDSPatient.dateOfBirth,,,SHOULD:able-to-populate
EHDSPatient,deceased[x],EHDSPatient.deceased[x],,,
EHDSPatient,administrativeGender,EHDSPatient.administrativeGender,,,SHOULD:able-to-populate
EHDSPatient,address,EHDSPatient.address,,,
EHDSPatient,telecom,EHDSPatient.telecom,,,
EHDSPatientSummary,header,EHDSPatientSummary.header,,SHALL:process,SHALL:able-to-populate
EHDSPatientSummary,subject,EHDSPatientSummary.header.subject,,SHALL:process,SHALL:able-to-populate
EHDSPatientSummary,identifier,EHDSPatientSummary.header.identifier,,SHALL:process,SHALL:able-to-populate
EHDSPatientSummary,author[x],EHDSPatientSummary.header.author[x],,SHALL:process,SHALL:able-to-populate
EHDSPatientSummary,date,EHDSPatientSummary.header.date,,SHALL:process,SHALL:able-to-populate
EHDSPatientSummary,status,EHDSPatientSummary.header.status,,SHALL:process,SHALL:able-to-populate
EHDSPatientSummary,source,EHDSPatientSummary.header.source,,,
EHDSPatientSummary,language,EHDSPatientSummary.header.language,,SHOULD:process,SHOULD:able-to-populate
EHDSPatientSummary,documentType,EHDSPatientSummary.header.documentType,,SHALL:process,SHALL:able-to-populate
EHDSPatientSummary,documentTitle,EHDSPatientSummary.header.documentTitle,,SHALL:process,SHALL:able-to-populate
EHDSPatientSummary,period,EHDSPatientSummary.header.period,,,
EHDSPatientSummary,version,EHDSPatientSummary.header.version,,,
EHDSPatientSummary,attestation,EHDSPatientSummary.header.attestation,,,
EHDSPatientSummary,attester[x],EHDSPatientSummary.header.attestation.attester[x],,,
EHDSPatientSummary,datetime,EHDSPatientSummary.header.attestation.datetime,,,
EHDSPatientSummary,legalAuthentication,EHDSPatientSummary.header.legalAuthentication,,SHALL:process,SHALL:able-to-populate
EHDSPatientSummary,legalAuthenticator[x],EHDSPatientSummary.header.legalAuthentication.legalAuthenticator[x],,,
EHDSPatientSummary,datetime,EHDSPatientSummary.header.legalAuthentication.datetime,,,
EHDSPatientSummary,eventType,EHDSPatientSummary.header.eventType,,,
EHDSPatientSummary,serviceSpecialty,EHDSPatientSummary.header.serviceSpecialty,,,
EHDSPatientSummary,custodian,EHDSPatientSummary.header.custodian,,,
EHDSPatientSummary,presentedForm,EHDSPatientSummary.presentedForm,,SHOULD:display,SHOULD:able-to-populate
EHDSPatientSummary,alerts,EHDSPatientSummary.alerts,,SHOULD:process,SHOULD:able-to-populate
EHDSPatientSummary,generatedNarrative,EHDSPatientSummary.alerts.generatedNarrative,,SHOULD:display,SHOULD:able-to-populate
EHDSPatientSummary,medicalAlert,EHDSPatientSummary.alerts.medicalAlert,,SHALL:process,SHALL:able-to-populate
EHDSPatientSummary,note,EHDSPatientSummary.alerts.note,,SHOULD:display,SHOULD:able-to-populate
EHDSPatientSummary,allergiesAndIntolerances,EHDSPatientSummary.allergiesAndIntolerances,,SHALL:process,SHALL:able-to-populate
EHDSPatientSummary,generatedNarrative,EHDSPatientSummary.allergiesAndIntolerances.generatedNarrative,,SHOULD:display,SHOULD:able-to-populate
EHDSPatientSummary,allergyIntolerance,EHDSPatientSummary.allergiesAndIntolerances.allergyIntolerance,,SHALL:process,SHALL:able-to-populate
EHDSPatientSummary,emptyReason,EHDSPatientSummary.allergiesAndIntolerances.emptyReason,,SHALL:process,SHALL:able-to-populate
EHDSPatientSummary,note,EHDSPatientSummary.allergiesAndIntolerances.note,,SHOULD:display,SHOULD:able-to-populate
EHDSPatientSummary,problems,EHDSPatientSummary.problems,,SHALL:process,SHALL:able-to-populate
EHDSPatientSummary,generatedNarrative,EHDSPatientSummary.problems.generatedNarrative,,SHOULD:process,SHOULD:able-to-populate
EHDSPatientSummary,emptyReason,EHDSPatientSummary.problems.emptyReason,,SHALL:process,SHALL:able-to-populate
EHDSPatientSummary,problem,EHDSPatientSummary.problems.problem,,SHALL:process,SHALL:able-to-populate
EHDSPatientSummary,note,EHDSPatientSummary.problems.note,,SHOULD:process,SHOULD:able-to-populate
EHDSPatientSummary,medicationSummary,EHDSPatientSummary.medicationSummary,,SHALL:process,SHALL:able-to-populate
EHDSPatientSummary,generatedNarrative,EHDSPatientSummary.medicationSummary.generatedNarrative,,SHOULD:display,SHOULD:able-to-populate
EHDSPatientSummary,emptyReason,EHDSPatientSummary.medicationSummary.emptyReason,,SHALL:process,SHALL:able-to-populate
EHDSPatientSummary,medicationUse,EHDSPatientSummary.medicationSummary.medicationUse,,SHALL:process,SHALL:able-to-populate
EHDSPatientSummary,note,EHDSPatientSummary.medicationSummary.note,,SHOULD:display,SHOULD:able-to-populate
EHDSPatientSummary,medicalDevicesAndImplants,EHDSPatientSummary.medicalDevicesAndImplants,,SHALL:process,SHALL:able-to-populate
EHDSPatientSummary,generatedNarrative,EHDSPatientSummary.medicalDevicesAndImplants.generatedNarrative,,SHOULD:process,SHOULD:able-to-populate
EHDSPatientSummary,emptyReason,EHDSPatientSummary.medicalDevicesAndImplants.emptyReason,,SHALL:process,SHALL:able-to-populate
EHDSPatientSummary,deviceUse,EHDSPatientSummary.medicalDevicesAndImplants.deviceUse,,SHALL:process,SHALL:able-to-populate
EHDSPatientSummary,note,EHDSPatientSummary.medicalDevicesAndImplants.note,,SHOULD:process,SHOULD:able-to-populate
EHDSPatientSummary,procedures,EHDSPatientSummary.procedures,,SHALL:process,SHALL:able-to-populate
EHDSPatientSummary,generatedNarrative,EHDSPatientSummary.procedures.generatedNarrative,,SHOULD:process,SHOULD:able-to-populate
EHDSPatientSummary,emptyReason,EHDSPatientSummary.procedures.emptyReason,,SHALL:process,SHALL:able-to-populate
EHDSPatientSummary,procedure,EHDSPatientSummary.procedures.procedure,,SHALL:process,SHALL:able-to-populate
EHDSPatientSummary,note,EHDSPatientSummary.procedures.note,,SHOULD:process,SHOULD:able-to-populate
EHDSPatientSummary,immunisations,EHDSPatientSummary.immunisations,,SHOULD:process,SHOULD:able-to-populate
EHDSPatientSummary,generatedNarrative,EHDSPatientSummary.immunisations.generatedNarrative,,SHOULD:process,SHOULD:able-to-populate
EHDSPatientSummary,immunisation,EHDSPatientSummary.immunisations.immunisation,,SHALL:process,SHALL:able-to-populate
EHDSPatientSummary,note,EHDSPatientSummary.immunisations.note,,SHOULD:process,SHOULD:able-to-populate
EHDSPatientSummary,functionalStatus,EHDSPatientSummary.functionalStatus,,,
EHDSPatientSummary,generatedNarrative,EHDSPatientSummary.functionalStatus.generatedNarrative,,,
EHDSPatientSummary,condition,EHDSPatientSummary.functionalStatus.condition,,,
EHDSPatientSummary,assessment,EHDSPatientSummary.functionalStatus.assessment,,,
EHDSPatientSummary,note,EHDSPatientSummary.functionalStatus.note,,,
EHDSPatientSummary,socialHistory,EHDSPatientSummary.socialHistory,,,
EHDSPatientSummary,generatedNarrative,EHDSPatientSummary.socialHistory.generatedNarrative,,,
EHDSPatientSummary,observation,EHDSPatientSummary.socialHistory.observation,,,
EHDSPatientSummary,note,EHDSPatientSummary.socialHistory.note,,,
EHDSPatientSummary,pregnancyHistory,EHDSPatientSummary.pregnancyHistory,,SHOULD:process,SHOULD:able-to-populate
EHDSPatientSummary,generatedNarrative,EHDSPatientSummary.pregnancyHistory.generatedNarrative,,SHOULD:process,SHOULD:able-to-populate
EHDSPatientSummary,currentPregnancyStatus,EHDSPatientSummary.pregnancyHistory.currentPregnancyStatus,,SHALL:process,SHALL:able-to-populate
EHDSPatientSummary,previousPregnancies,EHDSPatientSummary.pregnancyHistory.previousPregnancies,,,
EHDSPatientSummary,note,EHDSPatientSummary.pregnancyHistory.note,,SHOULD:process,SHOULD:able-to-populate
EHDSPatientSummary,travelHistory,EHDSPatientSummary.travelHistory,,,
EHDSPatientSummary,generatedNarrative,EHDSPatientSummary.travelHistory.generatedNarrative,,,
EHDSPatientSummary,travelHistory,EHDSPatientSummary.travelHistory.travelHistory,,,
EHDSPatientSummary,note,EHDSPatientSummary.travelHistory.note,,,
EHDSPatientSummary,patientStory,EHDSPatientSummary.patientStory,,SHOULD:process,
EHDSPatientSummary,note,EHDSPatientSummary.patientStory.note,,,
EHDSPatientSummary,advanceDirectives,EHDSPatientSummary.advanceDirectives,,SHOULD:process,
EHDSPatientSummary,generatedNarrative,EHDSPatientSummary.advanceDirectives.generatedNarrative,,,
EHDSPatientSummary,advanceDirective,EHDSPatientSummary.advanceDirectives.advanceDirective,,,
EHDSPatientSummary,note,EHDSPatientSummary.advanceDirectives.note,,,
EHDSPatientSummary,observationResults,EHDSPatientSummary.observationResults,,,
EHDSPatientSummary,generatedNarrative,EHDSPatientSummary.observationResults.generatedNarrative,,,
EHDSPatientSummary,result,EHDSPatientSummary.observationResults.result,,,
EHDSPatientSummary,note,EHDSPatientSummary.observationResults.note,,,
EHDSPatientSummary,carePlans,EHDSPatientSummary.carePlans,,,
EHDSPatientSummary,generatedNarrative,EHDSPatientSummary.carePlans.generatedNarrative,,,
EHDSPatientSummary,carePlan,EHDSPatientSummary.carePlans.carePlan,,,
EHDSPatientSummary,note,EHDSPatientSummary.carePlans.note,,,
EHDSPregnancyHistory,header,EHDSPregnancyHistory.header,,,
EHDSPregnancyHistory,subject,EHDSPregnancyHistory.header.subject,,,
EHDSPregnancyHistory,identifier,EHDSPregnancyHistory.header.identifier,,,
EHDSPregnancyHistory,author[x],EHDSPregnancyHistory.header.author[x],,,
EHDSPregnancyHistory,date,EHDSPregnancyHistory.header.date,,,
EHDSPregnancyHistory,status,EHDSPregnancyHistory.header.status,,,
EHDSPregnancyHistory,source,EHDSPregnancyHistory.header.source,,,
EHDSPregnancyHistory,language,EHDSPregnancyHistory.header.language,,,
EHDSPregnancyHistory,endDate,EHDSPregnancyHistory.endDate,,,
EHDSPregnancyHistory,outcome,EHDSPregnancyHistory.outcome,,,
EHDSPregnancyHistory,numberOfFetuses,EHDSPregnancyHistory.numberOfFetuses,,,
EHDSPregnancyHistory,note,EHDSPregnancyHistory.note,,,
EHDSProcedure,header,EHDSProcedure.header,,,
EHDSProcedure,subject,EHDSProcedure.header.subject,,,SHALL:able-to-populate
EHDSProcedure,identifier,EHDSProcedure.header.identifier,,,SHOULD:able-to-populate
EHDSProcedure,author[x],EHDSProcedure.header.author[x],,,
EHDSProcedure,date,EHDSProcedure.header.date,,,
EHDSProcedure,status,EHDSProcedure.header.status,,,SHALL:able-to-populate
EHDSProcedure,source,EHDSProcedure.header.source,,,
EHDSProcedure,language,EHDSProcedure.header.language,,,
EHDSProcedure,code,EHDSProcedure.code,,,SHALL:able-to-populate
EHDSProcedure,procedureDate[x],EHDSProcedure.procedureDate[x],,,SHALL:able-to-populate
EHDSProcedure,performer,EHDSProcedure.performer,,,
EHDSProcedure,bodySite,EHDSProcedure.bodySite,,,SHOULD:able-to-populate
EHDSProcedure,reason[x],EHDSProcedure.reason[x],,,
EHDSProcedure,outcome,EHDSProcedure.outcome,,,
EHDSProcedure,complication,EHDSProcedure.complication,,,
EHDSProcedure,deviceUsed,EHDSProcedure.deviceUsed,,,
EHDSProcedure,focalDevice,EHDSProcedure.focalDevice,,,
EHDSProcedure,note,EHDSProcedure.note,,,SHOULD:able-to-populate
EHDSRelatedPerson,personalIdentifier,EHDSRelatedPerson.personalIdentifier,,,SHOULD:able-to-populate
EHDSRelatedPerson,name,EHDSRelatedPerson.name,,,SHOULD:able-to-populate
EHDSRelatedPerson,subject,EHDSRelatedPerson.subject,,,SHALL:able-to-populate
EHDSRelatedPerson,relationship,EHDSRelatedPerson.relationship,,,SHALL:able-to-populate
EHDSRelatedPerson,address,EHDSRelatedPerson.address,,,
EHDSRelatedPerson,telecom,EHDSRelatedPerson.telecom,,,SHOULD:able-to-populate
EHDSServiceRequest,header,EHDSServiceRequest.header,,,
EHDSServiceRequest,subject,EHDSServiceRequest.header.subject,,,
EHDSServiceRequest,identifier,EHDSServiceRequest.header.identifier,,,
EHDSServiceRequest,author[x],EHDSServiceRequest.header.author[x],,,
EHDSServiceRequest,date,EHDSServiceRequest.header.date,,,
EHDSServiceRequest,status,EHDSServiceRequest.header.status,,,
EHDSServiceRequest,source,EHDSServiceRequest.header.source,,,
EHDSServiceRequest,language,EHDSServiceRequest.header.language,,,
EHDSServiceRequest,description,EHDSServiceRequest.description,,,
EHDSServiceRequest,code,EHDSServiceRequest.code,,,
EHDSServiceRequest,quantity,EHDSServiceRequest.quantity,,,
EHDSServiceRequest,bodySite,EHDSServiceRequest.bodySite,,,
EHDSServiceRequest,reason[x],EHDSServiceRequest.reason[x],,,
EHDSServiceRequest,priority,EHDSServiceRequest.priority,,,
EHDSServiceRequest,supportingInformation[x],EHDSServiceRequest.supportingInformation[x],,,
EHDSServiceRequest,specimen,EHDSServiceRequest.specimen,,,
EHDSServiceRequest,encounter,EHDSServiceRequest.encounter,,,
EHDSServiceRequest,occurrence[x],EHDSServiceRequest.occurrence[x],,,
EHDSServiceRequest,patientInstructions,EHDSServiceRequest.patientInstructions,,,
EHDSSpecimen,identifier,EHDSSpecimen.identifier,,,
EHDSSpecimen,status,EHDSSpecimen.status,,,
EHDSSpecimen,type,EHDSSpecimen.type,,,
EHDSSpecimen,specimenSource[x],EHDSSpecimen.specimenSource[x],,,
EHDSSpecimen,parentSpecimen,EHDSSpecimen.parentSpecimen,,,
EHDSSpecimen,request,EHDSSpecimen.request,,,
EHDSSpecimen,combined,EHDSSpecimen.combined,,,
EHDSSpecimen,collection,EHDSSpecimen.collection,,,
EHDSSpecimen,performer[x],EHDSSpecimen.collection.performer[x],,,
EHDSSpecimen,collected[x],EHDSSpecimen.collection.collected[x],,,
EHDSSpecimen,quantity,EHDSSpecimen.collection.quantity,,,
EHDSSpecimen,method,EHDSSpecimen.collection.method,,,
EHDSSpecimen,device,EHDSSpecimen.collection.device,,,
EHDSSpecimen,bodySite,EHDSSpecimen.collection.bodySite,,,
EHDSSpecimen,receivedDate,EHDSSpecimen.receivedDate,,,
EHDSSpecimen,container,EHDSSpecimen.container,,,
EHDSSpecimen,specimenQuantity,EHDSSpecimen.container.specimenQuantity,,,
EHDSSpecimen,containerDevice,EHDSSpecimen.container.containerDevice,,,
EHDSSpecimen,condition,EHDSSpecimen.condition,,,
EHDSSpecimen,note,EHDSSpecimen.note,,,
EHDSTelecom,use,EHDSTelecom.use,,,
EHDSTelecom,type,EHDSTelecom.type,,,
EHDSTelecom,value,EHDSTelecom.value,,,
EHDSTravelHistory,header,EHDSTravelHistory.header,,,
EHDSTravelHistory,subject,EHDSTravelHistory.header.subject,,,
EHDSTravelHistory,identifier,EHDSTravelHistory.header.identifier,,,
EHDSTravelHistory,author[x],EHDSTravelHistory.header.author[x],,,
EHDSTravelHistory,date,EHDSTravelHistory.header.date,,,
EHDSTravelHistory,status,EHDSTravelHistory.header.status,,,
EHDSTravelHistory,source,EHDSTravelHistory.header.source,,,
EHDSTravelHistory,language,EHDSTravelHistory.header.language,,,
EHDSTravelHistory,country,EHDSTravelHistory.country,,,
EHDSTravelHistory,period,EHDSTravelHistory.period,,,
