IHE-MADO,EU-MADO,MS,Consumer,Producer,Documentation
MadoFhirBundle.id,EuMadoBundle.id,,,,
MadoFhirBundle.meta,EuMadoBundle.meta,,,,
MadoFhirBundle.implicitRules,EuMadoBundle.implicitRules,,,,
MadoFhirBundle.language,EuMadoBundle.language,,,,
MadoFhirBundle.identifier,EuMadoBundle.identifier,MS,,SHALL:populate,Required by MADO
MadoFhirBundle.type,EuMadoBundle.type,,,,
MadoFhirBundle.timestamp,EuMadoBundle.timestamp,MS,,SHALL:populate,Required by MADO
MadoFhirBundle.total,EuMadoBundle.total,,,,
MadoFhirBundle.link,EuMadoBundle.link,,,,
MadoFhirBundle.link.id,EuMadoBundle.link.id,,,,
MadoFhirBundle.link.extension,EuMadoBundle.link.extension,,,,
MadoFhirBundle.link.modifierExtension,EuMadoBundle.link.modifierExtension,,,,
MadoFhirBundle.link.relation,EuMadoBundle.link.relation,,,,
MadoFhirBundle.link.url,EuMadoBundle.link.url,,,,
MadoFhirBundle.entry,EuMadoBundle.entry,,,,
MadoFhirBundle.entry.id,EuMadoBundle.entry.id,,,,
MadoFhirBundle.entry.extension,EuMadoBundle.entry.extension,,,,
MadoFhirBundle.entry.modifierExtension,EuMadoBundle.entry.modifierExtension,,,,
MadoFhirBundle.entry.link,EuMadoBundle.entry.link,,,,
MadoFhirBundle.entry.fullUrl,EuMadoBundle.entry.fullUrl,,,,
MadoFhirBundle.entry.resource,EuMadoBundle.entry.resource,,,,
MadoFhirBundle.entry.search,EuMadoBundle.entry.search,,,,
MadoFhirBundle.entry.search.id,EuMadoBundle.entry.search.id,,,,
MadoFhirBundle.entry.search.extension,EuMadoBundle.entry.search.extension,,,,
MadoFhirBundle.entry.search.modifierExtension,EuMadoBundle.entry.search.modifierExtension,,,,
MadoFhirBundle.entry.search.mode,EuMadoBundle.entry.search.mode,,,,
MadoFhirBundle.entry.search.score,EuMadoBundle.entry.search.score,,,,
MadoFhirBundle.entry.request,EuMadoBundle.entry.request,,,,
MadoFhirBundle.entry.request.id,EuMadoBundle.entry.request.id,,,,
MadoFhirBundle.entry.request.extension,EuMadoBundle.entry.request.extension,,,,
MadoFhirBundle.entry.request.modifierExtension,EuMadoBundle.entry.request.modifierExtension,,,,
MadoFhirBundle.entry.request.method,EuMadoBundle.entry.request.method,,,,
MadoFhirBundle.entry.request.url,EuMadoBundle.entry.request.url,,,,
MadoFhirBundle.entry.request.ifNoneMatch,EuMadoBundle.entry.request.ifNoneMatch,,,,
MadoFhirBundle.entry.request.ifModifiedSince,EuMadoBundle.entry.request.ifModifiedSince,,,,
MadoFhirBundle.entry.request.ifMatch,EuMadoBundle.entry.request.ifMatch,,,,
MadoFhirBundle.entry.request.ifNoneExist,EuMadoBundle.entry.request.ifNoneExist,,,,
MadoFhirBundle.entry.response,EuMadoBundle.entry.response,,,,
MadoFhirBundle.entry.response.id,EuMadoBundle.entry.response.id,,,,
MadoFhirBundle.entry.response.extension,EuMadoBundle.entry.response.extension,,,,
MadoFhirBundle.entry.response.modifierExtension,EuMadoBundle.entry.response.modifierExtension,,,,
MadoFhirBundle.entry.response.status,EuMadoBundle.entry.response.status,,,,
MadoFhirBundle.entry.response.location,EuMadoBundle.entry.response.location,,,,
MadoFhirBundle.entry.response.etag,EuMadoBundle.entry.response.etag,,,,
MadoFhirBundle.entry.response.lastModified,EuMadoBundle.entry.response.lastModified,,,,
MadoFhirBundle.entry.response.outcome,EuMadoBundle.entry.response.outcome,,,,
MadoFhirBundle.entry[composition],EuMadoBundle.entry[composition],MS,,SHALL:populate,Required by MADO
MadoFhirBundle.entry[imaging-study],EuMadoBundle.entry[imaging-study],MS,,SHALL:populate,Required by MADO
MadoFhirBundle.entry[patient],EuMadoBundle.entry[patient],MS,,SHALL:populate,Required by MADO
MadoFhirBundle.entry[wado-endpoint],EuMadoBundle.entry[wado-endpoint],MS,,SHALL:populate-if-known,Required by MADO
MadoFhirBundle.entry[web-endpoint],EuMadoBundle.entry[web-endpoint],MS,,SHALL:populate-if-known,Required by MADO
MadoFhirBundle.entry[creator],EuMadoBundle.entry[creator],MS,,SHALL:populate,Required by MADO
MadoFhirBundle.entry[creator-organization],EuMadoBundle.entry[creator-organization],MS,,SHALL:populate,Required by MADO
MadoFhirBundle.entry[requested-procedure],EuMadoBundle.entry[requested-procedure],MS,,SHALL:able-to-populate,Required by MADO.
MadoFhirBundle.signature,EuMadoBundle.signature,,,,
MadoComposition.id,EuMadoComposition.id,,,,
MadoComposition.meta,EuMadoComposition.meta,,,,
MadoComposition.implicitRules,EuMadoComposition.implicitRules,,,,
MadoComposition.language,EuMadoComposition.language,MS,SHOULD:process,SHALL:able-to-populate,EHDSImagingStudy.language
MadoComposition.text,EuMadoComposition.text,MS,,SHALL:populate,From MADO
MadoComposition.text.id,EuMadoComposition.text.id,,,,
MadoComposition.text.extension,EuMadoComposition.text.extension,,,,
MadoComposition.text.status,EuMadoComposition.text.status,,,,
MadoComposition.text.div,EuMadoComposition.text.div,,,,
MadoComposition.contained,EuMadoComposition.contained,,,,
MadoComposition.extension,EuMadoComposition.extension,,,,
MadoComposition.modifierExtension,EuMadoComposition.modifierExtension,,,,
MadoComposition.identifier,EuMadoComposition.identifier,MS,,SHALL:populate,From MADO
MadoComposition.status,EuMadoComposition.status,MS,SHOULD:process,SHALL:able-to-populate,EHDSImagingStudy.status
MadoComposition.type,EuMadoComposition.type,MS,,SHALL:able-to-populate,From MADO
MadoComposition.category,EuMadoComposition.category,MS,,SHOULD:able-to-populate,From MADO
MadoComposition.subject,EuMadoComposition.subject,MS,SHOULD:process,SHALL:able-to-populate,EHDSImagingStudy.subject
MadoComposition.encounter,EuMadoComposition.encounter,,,,
MadoComposition.date,EuMadoComposition.date,MS,SHOULD:process,SHALL:able-to-populate,EHDSImagingStudy.date
MadoComposition.author,EuMadoComposition.author,,,,
MadoComposition.author[source-organization],EuMadoComposition.author[source-organization],MS,SHOULD:process,SHALL:able-to-populate,EHDSImagingStudy.author[EHDSOrganization]
MadoComposition.author[source-device],EuMadoComposition.author[source-device],MS,SHOULD:process,SHALL:able-to-populate,EHDSImagingStudy.author[EHDSDevice]
MadoComposition.title,EuMadoComposition.title,MS,,SHALL:populate,From MADO
MadoComposition.confidentiality,EuMadoComposition.confidentiality,,,,
MadoComposition.attester,EuMadoComposition.attester,,,,
MadoComposition.attester.id,EuMadoComposition.attester.id,,,,
MadoComposition.attester.extension,EuMadoComposition.attester.extension,,,,
MadoComposition.attester.modifierExtension,EuMadoComposition.attester.modifierExtension,,,,
MadoComposition.attester.mode,EuMadoComposition.attester.mode,,,,
MadoComposition.attester.time,EuMadoComposition.attester.time,,,,
MadoComposition.attester.party,EuMadoComposition.attester.party,,,,
MadoComposition.custodian,EuMadoComposition.custodian,MS,SHOULD:process,SHALL:able-to-populate,EHDSImagingStudy.custodian
MadoComposition.relatesTo,EuMadoComposition.relatesTo,,,,
MadoComposition.relatesTo.id,EuMadoComposition.relatesTo.id,,,,
MadoComposition.relatesTo.extension,EuMadoComposition.relatesTo.extension,,,,
MadoComposition.relatesTo.modifierExtension,EuMadoComposition.relatesTo.modifierExtension,,,,
MadoComposition.relatesTo.code,EuMadoComposition.relatesTo.code,,,,
MadoComposition.relatesTo.target[x],EuMadoComposition.relatesTo.target[x],,,,
MadoComposition.event,EuMadoComposition.event,,,,
MadoComposition.event.id,EuMadoComposition.event.id,,,,
MadoComposition.event.extension,EuMadoComposition.event.extension,,,,
MadoComposition.event.modifierExtension,EuMadoComposition.event.modifierExtension,,,,
MadoComposition.event.code,EuMadoComposition.event.code,,,,
MadoComposition.event.period,EuMadoComposition.event.period,,,,
MadoComposition.event.detail,EuMadoComposition.event.detail,,,,
MadoComposition.event[imaging-study],EuMadoComposition.event[imaging-study],MS,,SHALL:populate,From MADO
MadoComposition.section,EuMadoComposition.section,MS,,MAY:able-to-populate,From MADO
MadoComposition.section.id,EuMadoComposition.section.id,,,,
MadoComposition.section.extension,EuMadoComposition.section.extension,,,,
MadoComposition.section.modifierExtension,EuMadoComposition.section.modifierExtension,,,,
MadoComposition.section.title,EuMadoComposition.section.title,,,,
MadoComposition.section.code,EuMadoComposition.section.code,,,,
MadoComposition.section.author,EuMadoComposition.section.author,,,,
MadoComposition.section.focus,EuMadoComposition.section.focus,,,,
MadoComposition.section.text,EuMadoComposition.section.text,MS,,SHALL:populate,From MADO
MadoComposition.section.text.id,EuMadoComposition.section.text.id,,,,
MadoComposition.section.text.extension,EuMadoComposition.section.text.extension,,,,
MadoComposition.section.text.status,EuMadoComposition.section.text.status,,,,
MadoComposition.section.text.div,EuMadoComposition.section.text.div,,,,
MadoComposition.section.mode,EuMadoComposition.section.mode,,,,
MadoComposition.section.orderedBy,EuMadoComposition.section.orderedBy,,,,
MadoComposition.section.entry,EuMadoComposition.section.entry,,,,
MadoComposition.section.emptyReason,EuMadoComposition.section.emptyReason,,,,
MadoComposition.section.section,EuMadoComposition.section.section,,,,
MadoCreator.id,EuMadoCreator.id,,,,
MadoCreator.meta,EuMadoCreator.meta,,,,
MadoCreator.implicitRules,EuMadoCreator.implicitRules,,,,
MadoCreator.language,EuMadoCreator.language,,,,
MadoCreator.text,EuMadoCreator.text,,,,
MadoCreator.contained,EuMadoCreator.contained,,,,
MadoCreator.extension,EuMadoCreator.extension,,,,
MadoCreator.modifierExtension,EuMadoCreator.modifierExtension,,,,
MadoCreator.identifier,EuMadoCreator.identifier,,,,
MadoCreator.definition,EuMadoCreator.definition,,,,
MadoCreator.udiCarrier,EuMadoCreator.udiCarrier,,,,
MadoCreator.udiCarrier.id,EuMadoCreator.udiCarrier.id,,,,
MadoCreator.udiCarrier.extension,EuMadoCreator.udiCarrier.extension,,,,
MadoCreator.udiCarrier.modifierExtension,EuMadoCreator.udiCarrier.modifierExtension,,,,
MadoCreator.udiCarrier.deviceIdentifier,EuMadoCreator.udiCarrier.deviceIdentifier,,,,
MadoCreator.udiCarrier.issuer,EuMadoCreator.udiCarrier.issuer,,,,
MadoCreator.udiCarrier.jurisdiction,EuMadoCreator.udiCarrier.jurisdiction,,,,
MadoCreator.udiCarrier.carrierAIDC,EuMadoCreator.udiCarrier.carrierAIDC,,,,
MadoCreator.udiCarrier.carrierHRF,EuMadoCreator.udiCarrier.carrierHRF,,,,
MadoCreator.udiCarrier.entryType,EuMadoCreator.udiCarrier.entryType,,,,
MadoCreator.status,EuMadoCreator.status,,,,
MadoCreator.statusReason,EuMadoCreator.statusReason,,,,
MadoCreator.distinctIdentifier,EuMadoCreator.distinctIdentifier,,,,
MadoCreator.manufacturer,EuMadoCreator.manufacturer,MS,,SHALL:able-to-populate,Required by MADO
MadoCreator.manufactureDate,EuMadoCreator.manufactureDate,,,,
MadoCreator.expirationDate,EuMadoCreator.expirationDate,,,,
MadoCreator.lotNumber,EuMadoCreator.lotNumber,,,,
MadoCreator.serialNumber,EuMadoCreator.serialNumber,,,,
MadoCreator.deviceName,EuMadoCreator.deviceName,,,,
MadoCreator.deviceName.id,EuMadoCreator.deviceName.id,,,,
MadoCreator.deviceName.extension,EuMadoCreator.deviceName.extension,,,,
MadoCreator.deviceName.modifierExtension,EuMadoCreator.deviceName.modifierExtension,,,,
MadoCreator.deviceName.name,EuMadoCreator.deviceName.name,,,,
MadoCreator.deviceName.type,EuMadoCreator.deviceName.type,,,,
MadoCreator.modelNumber,EuMadoCreator.modelNumber,,,,
MadoCreator.partNumber,EuMadoCreator.partNumber,,,,
MadoCreator.type,EuMadoCreator.type,MS,,SHALL:able-to-populate,Required by MADO
MadoCreator.type.id,EuMadoCreator.type.id,,,,
MadoCreator.type.extension,EuMadoCreator.type.extension,,,,
MadoCreator.type.coding,EuMadoCreator.type.coding,,,,
MadoCreator.type.coding.id,EuMadoCreator.type.coding.id,,,,
MadoCreator.type.coding.extension,EuMadoCreator.type.coding.extension,,,,
MadoCreator.type.coding.system,EuMadoCreator.type.coding.system,,,,
MadoCreator.type.coding.version,EuMadoCreator.type.coding.version,,,,
MadoCreator.type.coding.code,EuMadoCreator.type.coding.code,,,,
MadoCreator.type.coding.display,EuMadoCreator.type.coding.display,,,,
MadoCreator.type.coding.userSelected,EuMadoCreator.type.coding.userSelected,,,,
MadoCreator.type.text,EuMadoCreator.type.text,,,,
MadoCreator.specialization,EuMadoCreator.specialization,,,,
MadoCreator.specialization.id,EuMadoCreator.specialization.id,,,,
MadoCreator.specialization.extension,EuMadoCreator.specialization.extension,,,,
MadoCreator.specialization.modifierExtension,EuMadoCreator.specialization.modifierExtension,,,,
MadoCreator.specialization.systemType,EuMadoCreator.specialization.systemType,,,,
MadoCreator.specialization.version,EuMadoCreator.specialization.version,,,,
MadoCreator.version,EuMadoCreator.version,,,,
MadoCreator.version.id,EuMadoCreator.version.id,,,,
MadoCreator.version.extension,EuMadoCreator.version.extension,,,,
MadoCreator.version.modifierExtension,EuMadoCreator.version.modifierExtension,,,,
MadoCreator.version.type,EuMadoCreator.version.type,,,,
MadoCreator.version.component,EuMadoCreator.version.component,,,,
MadoCreator.version.value,EuMadoCreator.version.value,,,,
MadoCreator.property,EuMadoCreator.property,,,,
MadoCreator.property.id,EuMadoCreator.property.id,,,,
MadoCreator.property.extension,EuMadoCreator.property.extension,,,,
MadoCreator.property.modifierExtension,EuMadoCreator.property.modifierExtension,,,,
MadoCreator.property.type,EuMadoCreator.property.type,,,,
MadoCreator.property.valueQuantity,EuMadoCreator.property.valueQuantity,,,,
MadoCreator.property.valueCode,EuMadoCreator.property.valueCode,,,,
MadoCreator.patient,EuMadoCreator.patient,,,,
MadoCreator.owner,EuMadoCreator.owner,MS,,SHALL:able-to-populate,Required by MADO
MadoCreator.contact,EuMadoCreator.contact,,,,
MadoCreator.location,EuMadoCreator.location,,,,
MadoCreator.url,EuMadoCreator.url,,,,
MadoCreator.note,EuMadoCreator.note,,,,
MadoCreator.safety,EuMadoCreator.safety,,,,
MadoCreator.parent,EuMadoCreator.parent,,,,
MadoCreatorOrganization.id,EuMadoCreatorOrganization.id,,,,
MadoCreatorOrganization.meta,EuMadoCreatorOrganization.meta,,,,
MadoCreatorOrganization.implicitRules,EuMadoCreatorOrganization.implicitRules,,,,
MadoCreatorOrganization.language,EuMadoCreatorOrganization.language,,,,
MadoCreatorOrganization.text,EuMadoCreatorOrganization.text,,,,
MadoCreatorOrganization.contained,EuMadoCreatorOrganization.contained,,,,
MadoCreatorOrganization.extension,EuMadoCreatorOrganization.extension,,,,
MadoCreatorOrganization.modifierExtension,EuMadoCreatorOrganization.modifierExtension,,,,
MadoCreatorOrganization.identifier,EuMadoCreatorOrganization.identifier,MS,,SHALL:able-to-populate,Required by MADO
MadoCreatorOrganization.active,EuMadoCreatorOrganization.active,,,,
MadoCreatorOrganization.type,EuMadoCreatorOrganization.type,MS,,SHALL:able-to-populate,Required by MADO
MadoCreatorOrganization.name,EuMadoCreatorOrganization.name,MS,,SHALL:able-to-populate,Required by MADO
MadoCreatorOrganization.alias,EuMadoCreatorOrganization.alias,,,,
MadoCreatorOrganization.telecom,EuMadoCreatorOrganization.telecom,,,,
MadoCreatorOrganization.address,EuMadoCreatorOrganization.address,,,,
MadoCreatorOrganization.partOf,EuMadoCreatorOrganization.partOf,,,,
MadoCreatorOrganization.contact,EuMadoCreatorOrganization.contact,,,,
MadoCreatorOrganization.contact.id,EuMadoCreatorOrganization.contact.id,,,,
MadoCreatorOrganization.contact.extension,EuMadoCreatorOrganization.contact.extension,,,,
MadoCreatorOrganization.contact.modifierExtension,EuMadoCreatorOrganization.contact.modifierExtension,,,,
MadoCreatorOrganization.contact.purpose,EuMadoCreatorOrganization.contact.purpose,,,,
MadoCreatorOrganization.contact.name,EuMadoCreatorOrganization.contact.name,,,,
MadoCreatorOrganization.contact.telecom,EuMadoCreatorOrganization.contact.telecom,,,,
MadoCreatorOrganization.contact.address,EuMadoCreatorOrganization.contact.address,,,,
MadoCreatorOrganization.endpoint,EuMadoCreatorOrganization.endpoint,,,,
MadoDicomKosDocumentReference.id,EuMadoDicomKosDocumentReference.id,,,,
MadoDicomKosDocumentReference.meta,EuMadoDicomKosDocumentReference.meta,,,,
MadoDicomKosDocumentReference.meta.id,EuMadoDicomKosDocumentReference.meta.id,,,,
MadoDicomKosDocumentReference.meta.extension,EuMadoDicomKosDocumentReference.meta.extension,,,,
MadoDicomKosDocumentReference.meta.versionId,EuMadoDicomKosDocumentReference.meta.versionId,,,,
MadoDicomKosDocumentReference.meta.lastUpdated,EuMadoDicomKosDocumentReference.meta.lastUpdated,,,,
MadoDicomKosDocumentReference.meta.source,EuMadoDicomKosDocumentReference.meta.source,,,,
MadoDicomKosDocumentReference.meta.profile,EuMadoDicomKosDocumentReference.meta.profile,,,,
MadoDicomKosDocumentReference.meta.security,EuMadoDicomKosDocumentReference.meta.security,,,,
MadoDicomKosDocumentReference.meta.tag,EuMadoDicomKosDocumentReference.meta.tag,,,,
MadoDicomKosDocumentReference.implicitRules,EuMadoDicomKosDocumentReference.implicitRules,,,,
MadoDicomKosDocumentReference.language,EuMadoDicomKosDocumentReference.language,,,,
MadoDicomKosDocumentReference.text,EuMadoDicomKosDocumentReference.text,,,,
MadoDicomKosDocumentReference.contained,EuMadoDicomKosDocumentReference.contained,,,,
MadoDicomKosDocumentReference.extension,EuMadoDicomKosDocumentReference.extension,,,,
MadoDicomKosDocumentReference.extension[bodysite],EuMadoDicomKosDocumentReference.extension[bodysite],MS,,,
MadoDicomKosDocumentReference.extension.id,EuMadoDicomKosDocumentReference.extension.id,,,,
MadoDicomKosDocumentReference.extension.extension,EuMadoDicomKosDocumentReference.extension.extension,,,,
MadoDicomKosDocumentReference.extension.extension[concept],EuMadoDicomKosDocumentReference.extension.extension[concept],,,,
MadoDicomKosDocumentReference.extension.extension.id,EuMadoDicomKosDocumentReference.extension.extension.id,,,,
MadoDicomKosDocumentReference.extension.extension.extension,EuMadoDicomKosDocumentReference.extension.extension.extension,,,,
MadoDicomKosDocumentReference.extension.extension.url,EuMadoDicomKosDocumentReference.extension.extension.url,,,,
MadoDicomKosDocumentReference.extension.extension.value[x],EuMadoDicomKosDocumentReference.extension.extension.value[x],,,,
MadoDicomKosDocumentReference.extension.extension[reference],EuMadoDicomKosDocumentReference.extension.extension[reference],,,,
MadoDicomKosDocumentReference.extension.extension[_datatype],EuMadoDicomKosDocumentReference.extension.extension[_datatype],,,,
MadoDicomKosDocumentReference.extension.url,EuMadoDicomKosDocumentReference.extension.url,,,,
MadoDicomKosDocumentReference.extension.value[x],EuMadoDicomKosDocumentReference.extension.value[x],,,,
MadoDicomKosDocumentReference.extension[modality],EuMadoDicomKosDocumentReference.extension[modality],MS,,,
MadoDicomKosDocumentReference.modifierExtension,EuMadoDicomKosDocumentReference.modifierExtension,,,,
MadoDicomKosDocumentReference.masterIdentifier,EuMadoDicomKosDocumentReference.masterIdentifier,,,,
MadoDicomKosDocumentReference.identifier,EuMadoDicomKosDocumentReference.identifier,MS,,,
MadoDicomKosDocumentReference.identifier[entryUUID],EuMadoDicomKosDocumentReference.identifier[entryUUID],MS,,,
MadoDicomKosDocumentReference.status,EuMadoDicomKosDocumentReference.status,,,,
MadoDicomKosDocumentReference.docStatus,EuMadoDicomKosDocumentReference.docStatus,,,,
MadoDicomKosDocumentReference.type,EuMadoDicomKosDocumentReference.type,MS,,,
MadoDicomKosDocumentReference.category,EuMadoDicomKosDocumentReference.category,MS,,,
MadoDicomKosDocumentReference.subject,EuMadoDicomKosDocumentReference.subject,MS,,,
MadoDicomKosDocumentReference.date,EuMadoDicomKosDocumentReference.date,MS,,,
MadoDicomKosDocumentReference.author,EuMadoDicomKosDocumentReference.author,MS,,,
MadoDicomKosDocumentReference.author[source-organization],EuMadoDicomKosDocumentReference.author[source-organization],MS,,,
MadoDicomKosDocumentReference.author[source-device],EuMadoDicomKosDocumentReference.author[source-device],MS,,,
MadoDicomKosDocumentReference.authenticator,EuMadoDicomKosDocumentReference.authenticator,,,,
MadoDicomKosDocumentReference.custodian,EuMadoDicomKosDocumentReference.custodian,,,,
MadoDicomKosDocumentReference.relatesTo,EuMadoDicomKosDocumentReference.relatesTo,MS,,,
MadoDicomKosDocumentReference.relatesTo.id,EuMadoDicomKosDocumentReference.relatesTo.id,,,,
MadoDicomKosDocumentReference.relatesTo.extension,EuMadoDicomKosDocumentReference.relatesTo.extension,,,,
MadoDicomKosDocumentReference.relatesTo.modifierExtension,EuMadoDicomKosDocumentReference.relatesTo.modifierExtension,,,,
MadoDicomKosDocumentReference.relatesTo.code,EuMadoDicomKosDocumentReference.relatesTo.code,,,,
MadoDicomKosDocumentReference.relatesTo.target,EuMadoDicomKosDocumentReference.relatesTo.target,,,,
MadoDicomKosDocumentReference.relatesTo[fhir-reference],EuMadoDicomKosDocumentReference.relatesTo[fhir-reference],MS,,,
MadoDicomKosDocumentReference.description,EuMadoDicomKosDocumentReference.description,,,,
MadoDicomKosDocumentReference.securityLabel,EuMadoDicomKosDocumentReference.securityLabel,MS,,,
MadoDicomKosDocumentReference.content,EuMadoDicomKosDocumentReference.content,,,,
MadoDicomKosDocumentReference.content.id,EuMadoDicomKosDocumentReference.content.id,,,,
MadoDicomKosDocumentReference.content.extension,EuMadoDicomKosDocumentReference.content.extension,,,,
MadoDicomKosDocumentReference.content.modifierExtension,EuMadoDicomKosDocumentReference.content.modifierExtension,,,,
MadoDicomKosDocumentReference.content.attachment,EuMadoDicomKosDocumentReference.content.attachment,,,,
MadoDicomKosDocumentReference.content.attachment.id,EuMadoDicomKosDocumentReference.content.attachment.id,,,,
MadoDicomKosDocumentReference.content.attachment.extension,EuMadoDicomKosDocumentReference.content.attachment.extension,,,,
MadoDicomKosDocumentReference.content.attachment.contentType,EuMadoDicomKosDocumentReference.content.attachment.contentType,,,,
MadoDicomKosDocumentReference.content.attachment.language,EuMadoDicomKosDocumentReference.content.attachment.language,MS,,,
MadoDicomKosDocumentReference.content.attachment.data,EuMadoDicomKosDocumentReference.content.attachment.data,,,,
MadoDicomKosDocumentReference.content.attachment.url,EuMadoDicomKosDocumentReference.content.attachment.url,,,,
MadoDicomKosDocumentReference.content.attachment.size,EuMadoDicomKosDocumentReference.content.attachment.size,,,,
MadoDicomKosDocumentReference.content.attachment.hash,EuMadoDicomKosDocumentReference.content.attachment.hash,,,,
MadoDicomKosDocumentReference.content.attachment.title,EuMadoDicomKosDocumentReference.content.attachment.title,,,,
MadoDicomKosDocumentReference.content.attachment.creation,EuMadoDicomKosDocumentReference.content.attachment.creation,MS,,,
MadoDicomKosDocumentReference.content.format,EuMadoDicomKosDocumentReference.content.format,MS,,,
MadoDicomKosDocumentReference.context,EuMadoDicomKosDocumentReference.context,,,,
MadoDicomKosDocumentReference.context.id,EuMadoDicomKosDocumentReference.context.id,,,,
MadoDicomKosDocumentReference.context.extension,EuMadoDicomKosDocumentReference.context.extension,,,,
MadoDicomKosDocumentReference.context.modifierExtension,EuMadoDicomKosDocumentReference.context.modifierExtension,,,,
MadoDicomKosDocumentReference.context.encounter,EuMadoDicomKosDocumentReference.context.encounter,,,,
MadoDicomKosDocumentReference.context.event,EuMadoDicomKosDocumentReference.context.event,,,,
MadoDicomKosDocumentReference.context.period,EuMadoDicomKosDocumentReference.context.period,MS,,,
MadoDicomKosDocumentReference.context.period.id,EuMadoDicomKosDocumentReference.context.period.id,,,,
MadoDicomKosDocumentReference.context.period.extension,EuMadoDicomKosDocumentReference.context.period.extension,,,,
MadoDicomKosDocumentReference.context.period.start,EuMadoDicomKosDocumentReference.context.period.start,,,,
MadoDicomKosDocumentReference.context.period.end,EuMadoDicomKosDocumentReference.context.period.end,,,,
MadoDicomKosDocumentReference.context.facilityType,EuMadoDicomKosDocumentReference.context.facilityType,MS,,,
MadoDicomKosDocumentReference.context.practiceSetting,EuMadoDicomKosDocumentReference.context.practiceSetting,MS,,,
MadoDicomKosDocumentReference.context.sourcePatientInfo,EuMadoDicomKosDocumentReference.context.sourcePatientInfo,MS,,,
MadoDicomKosDocumentReference.context.sourcePatientInfo.id,EuMadoDicomKosDocumentReference.context.sourcePatientInfo.id,,,,
MadoDicomKosDocumentReference.context.sourcePatientInfo.extension,EuMadoDicomKosDocumentReference.context.sourcePatientInfo.extension,,,,
MadoDicomKosDocumentReference.context.sourcePatientInfo.reference,EuMadoDicomKosDocumentReference.context.sourcePatientInfo.reference,,,,
MadoDicomKosDocumentReference.context.sourcePatientInfo.type,EuMadoDicomKosDocumentReference.context.sourcePatientInfo.type,,,,
MadoDicomKosDocumentReference.context.sourcePatientInfo.identifier,EuMadoDicomKosDocumentReference.context.sourcePatientInfo.identifier,,,,
MadoDicomKosDocumentReference.context.sourcePatientInfo.display,EuMadoDicomKosDocumentReference.context.sourcePatientInfo.display,,,,
MadoDicomKosDocumentReference.context.related,EuMadoDicomKosDocumentReference.context.related,,,,
MadoDicomKosDocumentReference.context.related[study-instance-uid],EuMadoDicomKosDocumentReference.context.related[study-instance-uid],MS,,,
MadoDicomKosDocumentReference.context.related[accession-number],EuMadoDicomKosDocumentReference.context.related[accession-number],MS,,,
MadoFhirDocumentReference.id,EuMadoFhirDocumentReference.id,,,,
MadoFhirDocumentReference.meta,EuMadoFhirDocumentReference.meta,,,,
MadoFhirDocumentReference.meta.id,EuMadoFhirDocumentReference.meta.id,,,,
MadoFhirDocumentReference.meta.extension,EuMadoFhirDocumentReference.meta.extension,,,,
MadoFhirDocumentReference.meta.versionId,EuMadoFhirDocumentReference.meta.versionId,,,,
MadoFhirDocumentReference.meta.lastUpdated,EuMadoFhirDocumentReference.meta.lastUpdated,,,,
MadoFhirDocumentReference.meta.source,EuMadoFhirDocumentReference.meta.source,,,,
MadoFhirDocumentReference.meta.profile,EuMadoFhirDocumentReference.meta.profile,,,,
MadoFhirDocumentReference.meta.security,EuMadoFhirDocumentReference.meta.security,,,,
MadoFhirDocumentReference.meta.tag,EuMadoFhirDocumentReference.meta.tag,,,,
MadoFhirDocumentReference.implicitRules,EuMadoFhirDocumentReference.implicitRules,,,,
MadoFhirDocumentReference.language,EuMadoFhirDocumentReference.language,,,,
MadoFhirDocumentReference.text,EuMadoFhirDocumentReference.text,,,,
MadoFhirDocumentReference.contained,EuMadoFhirDocumentReference.contained,,,,
MadoFhirDocumentReference.extension,EuMadoFhirDocumentReference.extension,,,,
MadoFhirDocumentReference.extension[bodysite],EuMadoFhirDocumentReference.extension[bodysite],MS,,,
MadoFhirDocumentReference.extension.id,EuMadoFhirDocumentReference.extension.id,,,,
MadoFhirDocumentReference.extension.extension,EuMadoFhirDocumentReference.extension.extension,,,,
MadoFhirDocumentReference.extension.extension[concept],EuMadoFhirDocumentReference.extension.extension[concept],,,,
MadoFhirDocumentReference.extension.extension.id,EuMadoFhirDocumentReference.extension.extension.id,,,,
MadoFhirDocumentReference.extension.extension.extension,EuMadoFhirDocumentReference.extension.extension.extension,,,,
MadoFhirDocumentReference.extension.extension.url,EuMadoFhirDocumentReference.extension.extension.url,,,,
MadoFhirDocumentReference.extension.extension.value[x],EuMadoFhirDocumentReference.extension.extension.value[x],,,,
MadoFhirDocumentReference.extension.extension[reference],EuMadoFhirDocumentReference.extension.extension[reference],,,,
MadoFhirDocumentReference.extension.extension[_datatype],EuMadoFhirDocumentReference.extension.extension[_datatype],,,,
MadoFhirDocumentReference.extension.url,EuMadoFhirDocumentReference.extension.url,,,,
MadoFhirDocumentReference.extension.value[x],EuMadoFhirDocumentReference.extension.value[x],,,,
MadoFhirDocumentReference.extension[modality],EuMadoFhirDocumentReference.extension[modality],MS,,,
MadoFhirDocumentReference.modifierExtension,EuMadoFhirDocumentReference.modifierExtension,,,,
MadoFhirDocumentReference.masterIdentifier,EuMadoFhirDocumentReference.masterIdentifier,,,,
MadoFhirDocumentReference.identifier,EuMadoFhirDocumentReference.identifier,MS,,,
MadoFhirDocumentReference.identifier[entryUUID],EuMadoFhirDocumentReference.identifier[entryUUID],MS,,,
MadoFhirDocumentReference.status,EuMadoFhirDocumentReference.status,,,,
MadoFhirDocumentReference.docStatus,EuMadoFhirDocumentReference.docStatus,,,,
MadoFhirDocumentReference.type,EuMadoFhirDocumentReference.type,MS,,,
MadoFhirDocumentReference.category,EuMadoFhirDocumentReference.category,MS,,,
MadoFhirDocumentReference.subject,EuMadoFhirDocumentReference.subject,MS,,,
MadoFhirDocumentReference.date,EuMadoFhirDocumentReference.date,MS,,,
MadoFhirDocumentReference.author,EuMadoFhirDocumentReference.author,MS,,,
MadoFhirDocumentReference.author[source-organization],EuMadoFhirDocumentReference.author[source-organization],MS,,,
MadoFhirDocumentReference.author[source-device],EuMadoFhirDocumentReference.author[source-device],MS,,,
MadoFhirDocumentReference.authenticator,EuMadoFhirDocumentReference.authenticator,,,,
MadoFhirDocumentReference.custodian,EuMadoFhirDocumentReference.custodian,,,,
MadoFhirDocumentReference.relatesTo,EuMadoFhirDocumentReference.relatesTo,MS,,,
MadoFhirDocumentReference.relatesTo.id,EuMadoFhirDocumentReference.relatesTo.id,,,,
MadoFhirDocumentReference.relatesTo.extension,EuMadoFhirDocumentReference.relatesTo.extension,,,,
MadoFhirDocumentReference.relatesTo.modifierExtension,EuMadoFhirDocumentReference.relatesTo.modifierExtension,,,,
MadoFhirDocumentReference.relatesTo.code,EuMadoFhirDocumentReference.relatesTo.code,,,,
MadoFhirDocumentReference.relatesTo.target,EuMadoFhirDocumentReference.relatesTo.target,,,,
MadoFhirDocumentReference.relatesTo[kos-reference],EuMadoFhirDocumentReference.relatesTo[kos-reference],MS,,,
MadoFhirDocumentReference.description,EuMadoFhirDocumentReference.description,,,,
MadoFhirDocumentReference.securityLabel,EuMadoFhirDocumentReference.securityLabel,MS,,,
MadoFhirDocumentReference.content,EuMadoFhirDocumentReference.content,,,,
MadoFhirDocumentReference.content.id,EuMadoFhirDocumentReference.content.id,,,,
MadoFhirDocumentReference.content.extension,EuMadoFhirDocumentReference.content.extension,,,,
MadoFhirDocumentReference.content.extension[profile],EuMadoFhirDocumentReference.content.extension[profile],,,,
MadoFhirDocumentReference.content.extension.id,EuMadoFhirDocumentReference.content.extension.id,,,,
MadoFhirDocumentReference.content.extension.extension,EuMadoFhirDocumentReference.content.extension.extension,,,,
MadoFhirDocumentReference.content.extension.extension[value[x]],EuMadoFhirDocumentReference.content.extension.extension[value[x]],,,,
MadoFhirDocumentReference.content.extension.extension.id,EuMadoFhirDocumentReference.content.extension.extension.id,,,,
MadoFhirDocumentReference.content.extension.extension.extension,EuMadoFhirDocumentReference.content.extension.extension.extension,,,,
MadoFhirDocumentReference.content.extension.extension.url,EuMadoFhirDocumentReference.content.extension.extension.url,,,,
MadoFhirDocumentReference.content.extension.extension.value[x],EuMadoFhirDocumentReference.content.extension.extension.value[x],,,,
MadoFhirDocumentReference.content.extension.extension.value[x][valueCanonical],EuMadoFhirDocumentReference.content.extension.extension.value[x][valueCanonical],,,,
MadoFhirDocumentReference.content.extension.url,EuMadoFhirDocumentReference.content.extension.url,,,,
MadoFhirDocumentReference.content.extension.value[x],EuMadoFhirDocumentReference.content.extension.value[x],,,,
MadoFhirDocumentReference.content.modifierExtension,EuMadoFhirDocumentReference.content.modifierExtension,,,,
MadoFhirDocumentReference.content.attachment,EuMadoFhirDocumentReference.content.attachment,,,,
MadoFhirDocumentReference.content.attachment.id,EuMadoFhirDocumentReference.content.attachment.id,,,,
MadoFhirDocumentReference.content.attachment.extension,EuMadoFhirDocumentReference.content.attachment.extension,,,,
MadoFhirDocumentReference.content.attachment.contentType,EuMadoFhirDocumentReference.content.attachment.contentType,,,,
MadoFhirDocumentReference.content.attachment.language,EuMadoFhirDocumentReference.content.attachment.language,MS,,,
MadoFhirDocumentReference.content.attachment.data,EuMadoFhirDocumentReference.content.attachment.data,,,,
MadoFhirDocumentReference.content.attachment.url,EuMadoFhirDocumentReference.content.attachment.url,,,,
MadoFhirDocumentReference.content.attachment.size,EuMadoFhirDocumentReference.content.attachment.size,,,,
MadoFhirDocumentReference.content.attachment.hash,EuMadoFhirDocumentReference.content.attachment.hash,,,,
MadoFhirDocumentReference.content.attachment.title,EuMadoFhirDocumentReference.content.attachment.title,,,,
MadoFhirDocumentReference.content.attachment.creation,EuMadoFhirDocumentReference.content.attachment.creation,MS,,,
MadoFhirDocumentReference.content.format,EuMadoFhirDocumentReference.content.format,MS,,,
MadoFhirDocumentReference.content.format.id,EuMadoFhirDocumentReference.content.format.id,,,,
MadoFhirDocumentReference.content.format.extension,EuMadoFhirDocumentReference.content.format.extension,,,,
MadoFhirDocumentReference.content.format.system,EuMadoFhirDocumentReference.content.format.system,,,,
MadoFhirDocumentReference.content.format.version,EuMadoFhirDocumentReference.content.format.version,,,,
MadoFhirDocumentReference.content.format.code,EuMadoFhirDocumentReference.content.format.code,,,,
MadoFhirDocumentReference.content.format.display,EuMadoFhirDocumentReference.content.format.display,,,,
MadoFhirDocumentReference.content.format.userSelected,EuMadoFhirDocumentReference.content.format.userSelected,,,,
MadoFhirDocumentReference.context,EuMadoFhirDocumentReference.context,,,,
MadoFhirDocumentReference.context.id,EuMadoFhirDocumentReference.context.id,,,,
MadoFhirDocumentReference.context.extension,EuMadoFhirDocumentReference.context.extension,,,,
MadoFhirDocumentReference.context.modifierExtension,EuMadoFhirDocumentReference.context.modifierExtension,,,,
MadoFhirDocumentReference.context.encounter,EuMadoFhirDocumentReference.context.encounter,,,,
MadoFhirDocumentReference.context.event,EuMadoFhirDocumentReference.context.event,,,,
MadoFhirDocumentReference.context.period,EuMadoFhirDocumentReference.context.period,MS,,,
MadoFhirDocumentReference.context.period.id,EuMadoFhirDocumentReference.context.period.id,,,,
MadoFhirDocumentReference.context.period.extension,EuMadoFhirDocumentReference.context.period.extension,,,,
MadoFhirDocumentReference.context.period.start,EuMadoFhirDocumentReference.context.period.start,,,,
MadoFhirDocumentReference.context.period.end,EuMadoFhirDocumentReference.context.period.end,,,,
MadoFhirDocumentReference.context.facilityType,EuMadoFhirDocumentReference.context.facilityType,MS,,,
MadoFhirDocumentReference.context.practiceSetting,EuMadoFhirDocumentReference.context.practiceSetting,MS,,,
MadoFhirDocumentReference.context.sourcePatientInfo,EuMadoFhirDocumentReference.context.sourcePatientInfo,MS,,,
MadoFhirDocumentReference.context.sourcePatientInfo.id,EuMadoFhirDocumentReference.context.sourcePatientInfo.id,,,,
MadoFhirDocumentReference.context.sourcePatientInfo.extension,EuMadoFhirDocumentReference.context.sourcePatientInfo.extension,,,,
MadoFhirDocumentReference.context.sourcePatientInfo.reference,EuMadoFhirDocumentReference.context.sourcePatientInfo.reference,,,,
MadoFhirDocumentReference.context.sourcePatientInfo.type,EuMadoFhirDocumentReference.context.sourcePatientInfo.type,,,,
MadoFhirDocumentReference.context.sourcePatientInfo.identifier,EuMadoFhirDocumentReference.context.sourcePatientInfo.identifier,,,,
MadoFhirDocumentReference.context.sourcePatientInfo.display,EuMadoFhirDocumentReference.context.sourcePatientInfo.display,,,,
MadoFhirDocumentReference.context.related,EuMadoFhirDocumentReference.context.related,,,,
MadoFhirDocumentReference.context.related[study-instance-uid],EuMadoFhirDocumentReference.context.related[study-instance-uid],MS,,,
MadoFhirDocumentReference.context.related[accession-number],EuMadoFhirDocumentReference.context.related[accession-number],MS,,,
MadoImagingStudy.id,EuMadoImagingStudy.id,,,,
MadoImagingStudy.meta,EuMadoImagingStudy.meta,,,,
MadoImagingStudy.implicitRules,EuMadoImagingStudy.implicitRules,,,,
MadoImagingStudy.language,EuMadoImagingStudy.language,,,,
MadoImagingStudy.text,EuMadoImagingStudy.text,,,,
MadoImagingStudy.contained,EuMadoImagingStudy.contained,,,,
MadoImagingStudy.extension,EuMadoImagingStudy.extension,,,,
MadoImagingStudy.extension[anatomical-region],EuMadoImagingStudy.extension[anatomical-region],MS,SHOULD:process,SHALL:able-to-populate,EHDSImagingStudy.bodySite
,EuMadoImagingStudy.extension.id,,,,
,EuMadoImagingStudy.extension.extension,,,,
,EuMadoImagingStudy.extension.url,,,,
,EuMadoImagingStudy.extension.value[x],,,,
MadoImagingStudy.modifierExtension,EuMadoImagingStudy.modifierExtension,,,,
MadoImagingStudy.identifier,EuMadoImagingStudy.identifier,,,,
MadoImagingStudy.identifier[study-instance-uid],EuMadoImagingStudy.identifier[study-instance-uid],MS,,SHALL:populate,Required by MADO
MadoImagingStudy.status,EuMadoImagingStudy.status,,,,
MadoImagingStudy.modality,EuMadoImagingStudy.modality,MS,SHOULD:process,SHALL:able-to-populate,EHDSImagingStudy.modality
MadoImagingStudy.subject,EuMadoImagingStudy.subject,MS,SHOULD:process,SHOULD:able-to-populate,EHDSImagingStudy.subject
MadoImagingStudy.encounter,EuMadoImagingStudy.encounter,,,,
MadoImagingStudy.started,EuMadoImagingStudy.started,MS,SHOULD:process,SHALL:able-to-populate,EHDSImagingStudy.started
MadoImagingStudy.basedOn,EuMadoImagingStudy.basedOn,,,,
MadoImagingStudy.basedOn[order],EuMadoImagingStudy.basedOn[order],MS,SHOULD:process,SHOULD:able-to-populate,EHDSImagingStudy.basedOn
MadoImagingStudy.referrer,EuMadoImagingStudy.referrer,,,,
MadoImagingStudy.interpreter,EuMadoImagingStudy.interpreter,,,,
MadoImagingStudy.endpoint,EuMadoImagingStudy.endpoint,,,,
MadoImagingStudy.endpoint[webviewer],EuMadoImagingStudy.endpoint[webviewer],MS,SHOULD:process,SHOULD:able-to-populate,EHDSImagingStudy.endpoint
MadoImagingStudy.numberOfSeries,EuMadoImagingStudy.numberOfSeries,MS,SHOULD:process,SHALL:able-to-populate,EHDSImagingStudy.numberOfSeries
MadoImagingStudy.numberOfInstances,EuMadoImagingStudy.numberOfInstances,MS,SHOULD:process,SHALL:able-to-populate,EHDSImagingStudy.numberOfInstances
MadoImagingStudy.procedureReference,EuMadoImagingStudy.procedureReference,,,,
MadoImagingStudy.procedureCode,EuMadoImagingStudy.procedureCode,MS,,SHALL-populate,Required by MADO
MadoImagingStudy.location,EuMadoImagingStudy.location,,,,
MadoImagingStudy.reasonCode,EuMadoImagingStudy.reasonCode,,,,
MadoImagingStudy.reasonReference,EuMadoImagingStudy.reasonReference,,,,
MadoImagingStudy.note,EuMadoImagingStudy.note,,,,
MadoImagingStudy.description,EuMadoImagingStudy.description,MS,SHOULD:process,SHALL:able-to-populate,EHDSImagingStudy.description
MadoImagingStudy.series,EuMadoImagingStudy.series,MS,SHOULD:process,SHALL:populate,EHDSImagingStudy.series
MadoImagingStudy.series.id,EuMadoImagingStudy.series.id,,,,
MadoImagingStudy.series.extension,EuMadoImagingStudy.series.extension,,,,
MadoImagingStudy.series.modifierExtension,EuMadoImagingStudy.series.modifierExtension,,,,
MadoImagingStudy.series.uid,EuMadoImagingStudy.series.uid,MS,SHOULD:process,SHALL:able-to-populate,EHDSImagingStudy.series.uid
MadoImagingStudy.series.number,EuMadoImagingStudy.series.number,MS,SHOULD:process,SHALL:able-to-populate,EHDSImagingStudy.series.number
MadoImagingStudy.series.modality,EuMadoImagingStudy.series.modality,MS,SHOULD:process,SHALL:able-to-populate,EHDSImagingStudy.series.seriesModality
MadoImagingStudy.series.description,EuMadoImagingStudy.series.description,MS,SHOULD:process,SHALL:able-to-populate,EHDSImagingStudy.series.description
MadoImagingStudy.series.numberOfInstances,EuMadoImagingStudy.series.numberOfInstances,MS,SHOULD:process,SHALL:able-to-populate,EHDSImagingStudy.series.numberOfInstances
MadoImagingStudy.series.endpoint,EuMadoImagingStudy.series.endpoint,,,,
MadoImagingStudy.series.endpoint[wado],EuMadoImagingStudy.series.endpoint[wado],MS,SHOULD:process,SHALL:populate,EHDSImagingStudy.endpoint & EHDSImagingStudy.series.seriesEndpoint
MadoImagingStudy.series.bodySite,EuMadoImagingStudy.series.bodySite,MS,SHOULD:process,SHALL:able-to-populate,EHDSImagingStudy.series.bodySite
MadoImagingStudy.series.laterality,EuMadoImagingStudy.series.laterality,MS,SHOULD:process,SHALL:able-to-populate,EHDSImagingStudy.series.started
MadoImagingStudy.series.specimen,EuMadoImagingStudy.series.specimen,MS,,SHALL:able-to-populate,Required by MADO
MadoImagingStudy.series.started,EuMadoImagingStudy.series.started,MS,SHOULD:process,SHALL:able-to-populate,EHDSImagingStudy.series.started
MadoImagingStudy.series.performer,EuMadoImagingStudy.series.performer,,,,
MadoImagingStudy.series.performer.id,EuMadoImagingStudy.series.performer.id,,,,
MadoImagingStudy.series.performer.extension,EuMadoImagingStudy.series.performer.extension,,,,
MadoImagingStudy.series.performer.modifierExtension,EuMadoImagingStudy.series.performer.modifierExtension,,,,
MadoImagingStudy.series.performer.function,EuMadoImagingStudy.series.performer.function,,,,
MadoImagingStudy.series.performer.actor,EuMadoImagingStudy.series.performer.actor,,,,
MadoImagingStudy.series.instance,EuMadoImagingStudy.series.instance,,,,
MadoImagingStudy.series.instance.id,EuMadoImagingStudy.series.instance.id,,,,
MadoImagingStudy.series.instance.extension,EuMadoImagingStudy.series.instance.extension,,,,
MadoImagingStudy.series.instance.extension[number-of-frames],EuMadoImagingStudy.series.instance.extension[number-of-frames],MS,,SHALL:able-to-populate,Required by MADO
MadoImagingStudy.series.instance.extension[ko-document-title],EuMadoImagingStudy.series.instance.extension[ko-document-title],MS,,SHALL:able-to-populate,Required by MADO
MadoImagingStudy.series.instance.modifierExtension,EuMadoImagingStudy.series.instance.modifierExtension,,,,
MadoImagingStudy.series.instance.uid,EuMadoImagingStudy.series.instance.uid,MS,,SHALL:populate,Required by MADO
MadoImagingStudy.series.instance.sopClass,EuMadoImagingStudy.series.instance.sopClass,MS,,SHALL:able-to-populate,Required by MADO
MadoImagingStudy.series.instance.number,EuMadoImagingStudy.series.instance.number,MS,,SHALL:able-to-populate,Required by MADO
MadoImagingStudy.series.instance.title,EuMadoImagingStudy.series.instance.title,MS,,SHALL:able-to-populate,Required by MADO
MadoPatient.id,EuMadoPatient.id,,,,
MadoPatient.meta,EuMadoPatient.meta,,,,
MadoPatient.implicitRules,EuMadoPatient.implicitRules,,,,
MadoPatient.language,EuMadoPatient.language,,,,
MadoPatient.text,EuMadoPatient.text,,,,
MadoPatient.contained,EuMadoPatient.contained,,,,
MadoPatient.extension,EuMadoPatient.extension,,,,
MadoPatient.modifierExtension,EuMadoPatient.modifierExtension,,,,
MadoPatient.identifier,EuMadoPatient.identifier,MS,,SHALL:able-to-populate,EHDSPatient.identifier
MadoPatient.active,EuMadoPatient.active,,,,
MadoPatient.name,EuMadoPatient.name,MS,,SHALL:able-to-populate,EHDSPatient.name
,EuMadoPatient.name.id,,,,
,EuMadoPatient.name.extension,,,,
,EuMadoPatient.name.use,,,SHALL:able-to-populate,EHDSPatient.name.use
,EuMadoPatient.name.text,,,SHOULD:able-to-populate,EHDSPatient.name.text
,EuMadoPatient.name.family,,,SHALL:able-to-populate,EHDSPatient.name.family
,EuMadoPatient.name.given,,,SHALL:able-to-populate,EHDSPatient.name.given
,EuMadoPatient.name.prefix,,,,
,EuMadoPatient.name.suffix,,,,
,EuMadoPatient.name.period,,,,
MadoPatient.telecom,EuMadoPatient.telecom,,,,
MadoPatient.gender,EuMadoPatient.gender,MS,,SHOULD:able-to-populate,EHDSPatient.administrativeGender
MadoPatient.birthDate,EuMadoPatient.birthDate,MS,,SHOULD:able-to-populate,EHDSPatient.birthDate
MadoPatient.deceased[x],EuMadoPatient.deceased[x],,,,
MadoPatient.address,EuMadoPatient.address,,,,
MadoPatient.maritalStatus,EuMadoPatient.maritalStatus,,,,
MadoPatient.multipleBirth[x],EuMadoPatient.multipleBirth[x],,,,
MadoPatient.photo,EuMadoPatient.photo,,,,
MadoPatient.contact,EuMadoPatient.contact,,,,
MadoPatient.contact.id,EuMadoPatient.contact.id,,,,
MadoPatient.contact.extension,EuMadoPatient.contact.extension,,,,
MadoPatient.contact.modifierExtension,EuMadoPatient.contact.modifierExtension,,,,
MadoPatient.contact.relationship,EuMadoPatient.contact.relationship,,,,
MadoPatient.contact.name,EuMadoPatient.contact.name,,,,
MadoPatient.contact.telecom,EuMadoPatient.contact.telecom,,,,
MadoPatient.contact.address,EuMadoPatient.contact.address,,,,
MadoPatient.contact.gender,EuMadoPatient.contact.gender,,,,
MadoPatient.contact.organization,EuMadoPatient.contact.organization,,,,
MadoPatient.contact.period,EuMadoPatient.contact.period,,,,
MadoPatient.communication,EuMadoPatient.communication,,,,
MadoPatient.communication.id,EuMadoPatient.communication.id,,,,
MadoPatient.communication.extension,EuMadoPatient.communication.extension,,,,
MadoPatient.communication.modifierExtension,EuMadoPatient.communication.modifierExtension,,,,
MadoPatient.communication.language,EuMadoPatient.communication.language,,,,
MadoPatient.communication.preferred,EuMadoPatient.communication.preferred,,,,
MadoPatient.generalPractitioner,EuMadoPatient.generalPractitioner,,,,
MadoPatient.managingOrganization,EuMadoPatient.managingOrganization,,,,
MadoPatient.link,EuMadoPatient.link,,,,
MadoPatient.link.id,EuMadoPatient.link.id,,,,
MadoPatient.link.extension,EuMadoPatient.link.extension,,,,
MadoPatient.link.modifierExtension,EuMadoPatient.link.modifierExtension,,,,
MadoPatient.link.other,EuMadoPatient.link.other,,,,
MadoPatient.link.type,EuMadoPatient.link.type,,,,
MadoRequestedProcedure.id,EuMadoRequestedProcedure.id,,,,
MadoRequestedProcedure.meta,EuMadoRequestedProcedure.meta,,,,
MadoRequestedProcedure.implicitRules,EuMadoRequestedProcedure.implicitRules,,,,
MadoRequestedProcedure.language,EuMadoRequestedProcedure.language,,,,
MadoRequestedProcedure.text,EuMadoRequestedProcedure.text,,,,
MadoRequestedProcedure.contained,EuMadoRequestedProcedure.contained,,,,
MadoRequestedProcedure.extension,EuMadoRequestedProcedure.extension,,,,
MadoRequestedProcedure.modifierExtension,EuMadoRequestedProcedure.modifierExtension,,,,
MadoRequestedProcedure.identifier,EuMadoRequestedProcedure.identifier,,,,
MadoRequestedProcedure.identifier[accession-number],EuMadoRequestedProcedure.identifier[accession-number],MS,,SHALL:populate,Required by MADO
MadoRequestedProcedure.identifier[placer],EuMadoRequestedProcedure.identifier[placer],MS,,SHALL:able-to-populate,Required by MADO
MadoRequestedProcedure.identifier.id,EuMadoRequestedProcedure.identifier.id,,,,
MadoRequestedProcedure.identifier.extension,EuMadoRequestedProcedure.identifier.extension,,,,
MadoRequestedProcedure.identifier.use,EuMadoRequestedProcedure.identifier.use,,,,
MadoRequestedProcedure.identifier.type,EuMadoRequestedProcedure.identifier.type,,,,
MadoRequestedProcedure.identifier.type.id,EuMadoRequestedProcedure.identifier.type.id,,,,
MadoRequestedProcedure.identifier.type.extension,EuMadoRequestedProcedure.identifier.type.extension,,,,
MadoRequestedProcedure.identifier.type.coding,EuMadoRequestedProcedure.identifier.type.coding,,,,
MadoRequestedProcedure.identifier.type.coding[placer],EuMadoRequestedProcedure.identifier.type.coding[placer],,,,
MadoRequestedProcedure.identifier.type.coding.id,EuMadoRequestedProcedure.identifier.type.coding.id,,,,
MadoRequestedProcedure.identifier.type.coding.extension,EuMadoRequestedProcedure.identifier.type.coding.extension,,,,
MadoRequestedProcedure.identifier.type.coding.system,EuMadoRequestedProcedure.identifier.type.coding.system,,,,
MadoRequestedProcedure.identifier.type.coding.version,EuMadoRequestedProcedure.identifier.type.coding.version,,,,
MadoRequestedProcedure.identifier.type.coding.code,EuMadoRequestedProcedure.identifier.type.coding.code,,,,
MadoRequestedProcedure.identifier.type.coding.display,EuMadoRequestedProcedure.identifier.type.coding.display,,,,
MadoRequestedProcedure.identifier.type.coding.userSelected,EuMadoRequestedProcedure.identifier.type.coding.userSelected,,,,
MadoRequestedProcedure.identifier.type.text,EuMadoRequestedProcedure.identifier.type.text,,,,
MadoRequestedProcedure.identifier.system,EuMadoRequestedProcedure.identifier.system,,,,
MadoRequestedProcedure.identifier.value,EuMadoRequestedProcedure.identifier.value,,,,
MadoRequestedProcedure.identifier.period,EuMadoRequestedProcedure.identifier.period,,,,
MadoRequestedProcedure.identifier.assigner,EuMadoRequestedProcedure.identifier.assigner,,,,
MadoRequestedProcedure.identifier[filler],EuMadoRequestedProcedure.identifier[filler],,,,
MadoRequestedProcedure.identifier.type.coding[filler],EuMadoRequestedProcedure.identifier.type.coding[filler],,,,
MadoRequestedProcedure.instantiatesCanonical,EuMadoRequestedProcedure.instantiatesCanonical,,,,
MadoRequestedProcedure.instantiatesUri,EuMadoRequestedProcedure.instantiatesUri,,,,
MadoRequestedProcedure.basedOn,EuMadoRequestedProcedure.basedOn,,,,
MadoRequestedProcedure.replaces,EuMadoRequestedProcedure.replaces,,,,
MadoRequestedProcedure.requisition,EuMadoRequestedProcedure.requisition,,,,
MadoRequestedProcedure.status,EuMadoRequestedProcedure.status,,,,
MadoRequestedProcedure.intent,EuMadoRequestedProcedure.intent,,,,
MadoRequestedProcedure.category,EuMadoRequestedProcedure.category,,,,
MadoRequestedProcedure.priority,EuMadoRequestedProcedure.priority,,,,
MadoRequestedProcedure.doNotPerform,EuMadoRequestedProcedure.doNotPerform,,,,
MadoRequestedProcedure.code,EuMadoRequestedProcedure.code,,,,
MadoRequestedProcedure.orderDetail,EuMadoRequestedProcedure.orderDetail,,,,
MadoRequestedProcedure.quantity[x],EuMadoRequestedProcedure.quantity[x],,,,
MadoRequestedProcedure.subject,EuMadoRequestedProcedure.subject,,,,
MadoRequestedProcedure.encounter,EuMadoRequestedProcedure.encounter,,,,
MadoRequestedProcedure.occurrence[x],EuMadoRequestedProcedure.occurrence[x],,,,
MadoRequestedProcedure.asNeeded[x],EuMadoRequestedProcedure.asNeeded[x],,,,
MadoRequestedProcedure.authoredOn,EuMadoRequestedProcedure.authoredOn,,,,
MadoRequestedProcedure.requester,EuMadoRequestedProcedure.requester,,,,
MadoRequestedProcedure.performerType,EuMadoRequestedProcedure.performerType,,,,
MadoRequestedProcedure.performer,EuMadoRequestedProcedure.performer,,,,
MadoRequestedProcedure.locationCode,EuMadoRequestedProcedure.locationCode,,,,
MadoRequestedProcedure.locationReference,EuMadoRequestedProcedure.locationReference,,,,
MadoRequestedProcedure.reasonCode,EuMadoRequestedProcedure.reasonCode,,,,
MadoRequestedProcedure.reasonReference,EuMadoRequestedProcedure.reasonReference,,,,
MadoRequestedProcedure.insurance,EuMadoRequestedProcedure.insurance,,,,
MadoRequestedProcedure.supportingInfo,EuMadoRequestedProcedure.supportingInfo,,,,
MadoRequestedProcedure.specimen,EuMadoRequestedProcedure.specimen,,,,
MadoRequestedProcedure.bodySite,EuMadoRequestedProcedure.bodySite,,,,
MadoRequestedProcedure.note,EuMadoRequestedProcedure.note,,,,
MadoRequestedProcedure.patientInstruction,EuMadoRequestedProcedure.patientInstruction,,,,
MadoRequestedProcedure.relevantHistory,EuMadoRequestedProcedure.relevantHistory,,,,
MadoWadoEndpoint.id,EuMadoWadoEndpoint.id,,,,
MadoWadoEndpoint.meta,EuMadoWadoEndpoint.meta,,,,
MadoWadoEndpoint.implicitRules,EuMadoWadoEndpoint.implicitRules,,,,
MadoWadoEndpoint.language,EuMadoWadoEndpoint.language,,,,
MadoWadoEndpoint.text,EuMadoWadoEndpoint.text,,,,
MadoWadoEndpoint.contained,EuMadoWadoEndpoint.contained,,,,
MadoWadoEndpoint.extension,EuMadoWadoEndpoint.extension,,,,
MadoWadoEndpoint.extension[retrieve-location-uid],EuMadoWadoEndpoint.extension[retrieve-location-uid],MS,,SHALL:able-to-populate,Required by MADO
MadoWadoEndpoint.modifierExtension,EuMadoWadoEndpoint.modifierExtension,,,,
MadoWadoEndpoint.identifier,EuMadoWadoEndpoint.identifier,,,,
MadoWadoEndpoint.status,EuMadoWadoEndpoint.status,,,,
MadoWadoEndpoint.connectionType,EuMadoWadoEndpoint.connectionType,,,,
MadoWadoEndpoint.connectionType.id,EuMadoWadoEndpoint.connectionType.id,,,,
MadoWadoEndpoint.connectionType.extension,EuMadoWadoEndpoint.connectionType.extension,,,,
MadoWadoEndpoint.connectionType.system,EuMadoWadoEndpoint.connectionType.system,,,,
MadoWadoEndpoint.connectionType.version,EuMadoWadoEndpoint.connectionType.version,,,,
MadoWadoEndpoint.connectionType.code,EuMadoWadoEndpoint.connectionType.code,,,,
MadoWadoEndpoint.connectionType.display,EuMadoWadoEndpoint.connectionType.display,,,,
MadoWadoEndpoint.connectionType.userSelected,EuMadoWadoEndpoint.connectionType.userSelected,,,,
MadoWadoEndpoint.name,EuMadoWadoEndpoint.name,,,,
MadoWadoEndpoint.managingOrganization,EuMadoWadoEndpoint.managingOrganization,,,,
MadoWadoEndpoint.contact,EuMadoWadoEndpoint.contact,,,,
MadoWadoEndpoint.period,EuMadoWadoEndpoint.period,,,,
MadoWadoEndpoint.payloadType,EuMadoWadoEndpoint.payloadType,,,,
MadoWadoEndpoint.payloadType[text-wado],EuMadoWadoEndpoint.payloadType[text-wado],,,,
MadoWadoEndpoint.payloadType.id,EuMadoWadoEndpoint.payloadType.id,,,,
MadoWadoEndpoint.payloadType.extension,EuMadoWadoEndpoint.payloadType.extension,,,,
MadoWadoEndpoint.payloadType.coding,EuMadoWadoEndpoint.payloadType.coding,,,,
MadoWadoEndpoint.payloadType.coding[none],EuMadoWadoEndpoint.payloadType.coding[none],,,,
MadoWadoEndpoint.payloadType.coding.id,EuMadoWadoEndpoint.payloadType.coding.id,,,,
MadoWadoEndpoint.payloadType.coding.extension,EuMadoWadoEndpoint.payloadType.coding.extension,,,,
MadoWadoEndpoint.payloadType.coding.system,EuMadoWadoEndpoint.payloadType.coding.system,,,,
MadoWadoEndpoint.payloadType.coding.version,EuMadoWadoEndpoint.payloadType.coding.version,,,,
MadoWadoEndpoint.payloadType.coding.code,EuMadoWadoEndpoint.payloadType.coding.code,,,,
MadoWadoEndpoint.payloadType.coding.display,EuMadoWadoEndpoint.payloadType.coding.display,,,,
MadoWadoEndpoint.payloadType.coding.userSelected,EuMadoWadoEndpoint.payloadType.coding.userSelected,,,,
MadoWadoEndpoint.payloadType.text,EuMadoWadoEndpoint.payloadType.text,,,,
MadoWadoEndpoint.payloadMimeType,EuMadoWadoEndpoint.payloadMimeType,,,,
MadoWadoEndpoint.address,EuMadoWadoEndpoint.address,MS,,SHALL:able-to-populate,Required by MADO
MadoWadoEndpoint.address.id,EuMadoWadoEndpoint.address.id,,,,
MadoWadoEndpoint.address.extension,EuMadoWadoEndpoint.address.extension,,,,
MadoWadoEndpoint.address.extension[data-absent-reason],EuMadoWadoEndpoint.address.extension[data-absent-reason],,,,
MadoWadoEndpoint.address.extension.id,EuMadoWadoEndpoint.address.extension.id,,,,
MadoWadoEndpoint.address.extension.extension,EuMadoWadoEndpoint.address.extension.extension,,,,
MadoWadoEndpoint.address.extension.url,EuMadoWadoEndpoint.address.extension.url,,,,
MadoWadoEndpoint.address.extension.value[x],EuMadoWadoEndpoint.address.extension.value[x],,,,
MadoWadoEndpoint.address.value,EuMadoWadoEndpoint.address.value,,,,
MadoWadoEndpoint.header,EuMadoWadoEndpoint.header,,,,
MadoWebViewerEndpoint.id,EuMadoWebViewerEndpoint.id,,,,
MadoWebViewerEndpoint.meta,EuMadoWebViewerEndpoint.meta,,,,
MadoWebViewerEndpoint.implicitRules,EuMadoWebViewerEndpoint.implicitRules,,,,
MadoWebViewerEndpoint.language,EuMadoWebViewerEndpoint.language,,,,
MadoWebViewerEndpoint.text,EuMadoWebViewerEndpoint.text,,,,
MadoWebViewerEndpoint.contained,EuMadoWebViewerEndpoint.contained,,,,
MadoWebViewerEndpoint.extension,EuMadoWebViewerEndpoint.extension,,,,
MadoWebViewerEndpoint.modifierExtension,EuMadoWebViewerEndpoint.modifierExtension,,,,
MadoWebViewerEndpoint.identifier,EuMadoWebViewerEndpoint.identifier,,,,
MadoWebViewerEndpoint.status,EuMadoWebViewerEndpoint.status,,,,
MadoWebViewerEndpoint.connectionType,EuMadoWebViewerEndpoint.connectionType,,,,
MadoWebViewerEndpoint.name,EuMadoWebViewerEndpoint.name,,,,
MadoWebViewerEndpoint.managingOrganization,EuMadoWebViewerEndpoint.managingOrganization,,,,
MadoWebViewerEndpoint.contact,EuMadoWebViewerEndpoint.contact,,,,
MadoWebViewerEndpoint.period,EuMadoWebViewerEndpoint.period,,,,
MadoWebViewerEndpoint.payloadType,EuMadoWebViewerEndpoint.payloadType,,,,
MadoWebViewerEndpoint.payloadType[type-none],EuMadoWebViewerEndpoint.payloadType[type-none],,,,
MadoWebViewerEndpoint.payloadType.id,EuMadoWebViewerEndpoint.payloadType.id,,,,
MadoWebViewerEndpoint.payloadType.extension,EuMadoWebViewerEndpoint.payloadType.extension,,,,
MadoWebViewerEndpoint.payloadType.coding,EuMadoWebViewerEndpoint.payloadType.coding,,,,
MadoWebViewerEndpoint.payloadType.coding.id,EuMadoWebViewerEndpoint.payloadType.coding.id,,,,
MadoWebViewerEndpoint.payloadType.coding.extension,EuMadoWebViewerEndpoint.payloadType.coding.extension,,,,
MadoWebViewerEndpoint.payloadType.coding.system,EuMadoWebViewerEndpoint.payloadType.coding.system,,,,
MadoWebViewerEndpoint.payloadType.coding.version,EuMadoWebViewerEndpoint.payloadType.coding.version,,,,
MadoWebViewerEndpoint.payloadType.coding.code,EuMadoWebViewerEndpoint.payloadType.coding.code,,,,
MadoWebViewerEndpoint.payloadType.coding.display,EuMadoWebViewerEndpoint.payloadType.coding.display,,,,
MadoWebViewerEndpoint.payloadType.coding.userSelected,EuMadoWebViewerEndpoint.payloadType.coding.userSelected,,,,
MadoWebViewerEndpoint.payloadType.text,EuMadoWebViewerEndpoint.payloadType.text,,,,
MadoWebViewerEndpoint.payloadMimeType,EuMadoWebViewerEndpoint.payloadMimeType,,,,
MadoWebViewerEndpoint.address,EuMadoWebViewerEndpoint.address,MS,,SHALL:populate,Required by MADO
MadoWebViewerEndpoint.header,EuMadoWebViewerEndpoint.header,,,,
MadoAccessionNumberIdentifier.id,,,,,
MadoAccessionNumberIdentifier.extension,,,,,
MadoAccessionNumberIdentifier.use,,,,,
MadoAccessionNumberIdentifier.type,,,,,
MadoAccessionNumberIdentifier.type.id,,,,,
MadoAccessionNumberIdentifier.type.extension,,,,,
MadoAccessionNumberIdentifier.type.coding,,,,,
MadoAccessionNumberIdentifier.type.coding[v2-0203-coding],,,,,
MadoAccessionNumberIdentifier.type.coding[dcm],,,,,
MadoAccessionNumberIdentifier.type.text,,,,,
MadoAccessionNumberIdentifier.system,,,,,
MadoAccessionNumberIdentifier.value,,,,,
MadoAccessionNumberIdentifier.period,,,,,
MadoAccessionNumberIdentifier.assigner,,,,,
MadoAnatomicalRegionExtension.id,,,,,
MadoAnatomicalRegionExtension.extension,,,,,
MadoAnatomicalRegionExtension.url,,,,,
MadoAnatomicalRegionExtension.value[x],,,,,
MadoKeyObjectDocumentTitle.id,,,,,
MadoKeyObjectDocumentTitle.extension,,,,,
MadoKeyObjectDocumentTitle.url,,,,,
MadoKeyObjectDocumentTitle.value[x],,,,,
MadoNumberOfFrames.id,,,,,
MadoNumberOfFrames.extension,,,,,
MadoNumberOfFrames.url,,,,,
MadoNumberOfFrames.value[x],,,,,
MadoReferencedAccessionNumberIdentifier.id,,,,,
MadoReferencedAccessionNumberIdentifier.extension,,,,,
MadoReferencedAccessionNumberIdentifier.reference,,,,,
MadoReferencedAccessionNumberIdentifier.type,,,,,
MadoReferencedAccessionNumberIdentifier.identifier,,,,,
MadoReferencedAccessionNumberIdentifier.display,,,,,
MadoReferencedStudyInstanceUidIdentifier.id,,,,,
MadoReferencedStudyInstanceUidIdentifier.extension,,,,,
MadoReferencedStudyInstanceUidIdentifier.reference,,,,,
MadoReferencedStudyInstanceUidIdentifier.type,,,,,
MadoReferencedStudyInstanceUidIdentifier.identifier,,,,,
MadoReferencedStudyInstanceUidIdentifier.display,,,,,
MadoRetrieveLocationUIDExtension.id,,,,,
MadoRetrieveLocationUIDExtension.extension,,,,,
MadoRetrieveLocationUIDExtension.url,,,,,
MadoRetrieveLocationUIDExtension.value[x],,,,,
MadoStudyInstanceUidIdentifier.id,,,,,
MadoStudyInstanceUidIdentifier.extension,,,,,
MadoStudyInstanceUidIdentifier.use,,,,,
MadoStudyInstanceUidIdentifier.type,,,,,
MadoStudyInstanceUidIdentifier.type.id,,,,,
MadoStudyInstanceUidIdentifier.type.extension,,,,,
MadoStudyInstanceUidIdentifier.type.coding,,,,,
MadoStudyInstanceUidIdentifier.type.coding[dcm],,,,,
MadoStudyInstanceUidIdentifier.type.text,,,,,
MadoStudyInstanceUidIdentifier.system,,,,,
MadoStudyInstanceUidIdentifier.value,,,,,
MadoStudyInstanceUidIdentifier.period,,,,,
MadoStudyInstanceUidIdentifier.assigner,,,,,
